"id","mode","floor","behavior","name","words","desc","images1","images2","images3","","","","","",""
"classroom-1a","main","f1","place","1A","æ™®é€šæ•™å®¤ ã‚¯ãƒ©ã‚¹ 1å¹´ Açµ„","","","","","","","","","",""
"classroom-1b","main","f1","place","1B","æ™®é€šæ•™å®¤ ã‚¯ãƒ©ã‚¹ 1å¹´ Bçµ„","","","","","","","","","",""
"classroom-1c","main","f1","place","1C","æ™®é€šæ•™å®¤ ã‚¯ãƒ©ã‚¹ 1å¹´ Cçµ„","","","","","","","","","",""
"classroom-1d","main","f1","place","1D","æ™®é€šæ•™å®¤ ã‚¯ãƒ©ã‚¹ 1å¹´ Dçµ„","","","","","","","","","",""
"classroom-1e","main","f1","place","1E","æ™®é€šæ•™å®¤ ã‚¯ãƒ©ã‚¹ 1å¹´ Eçµ„","","","","","","","","","",""
"classroom-1f","main","f1","place","1F","æ™®é€šæ•™å®¤ ã‚¯ãƒ©ã‚¹ 1å¹´ Fçµ„","","","","","","","","","",""
"classroom-1g","main","f1","place","1G","æ™®é€šæ•™å®¤ ã‚¯ãƒ©ã‚¹ 1å¹´ Gçµ„","","","","","","","","","",""
"classroom-1h","main","f1","place","1H","æ™®é€šæ•™å®¤ ã‚¯ãƒ©ã‚¹ 1å¹´ Hçµ„","","","","","","","","","",""
"grand","main","f1","place","æ ¡åº­","ã‚°ãƒ©ãƒ³ãƒ‰ ã‚°ãƒ©ã‚¦ãƒ³ãƒ‰ ãƒˆãƒ©ãƒƒã‚¯","","/images/main/grand-kZRaRnHs.webp","","","","","","","",""
"tennis-court","main","f1","place","ãƒ†ãƒ‹ã‚¹ã‚³ãƒ¼ãƒˆ","","","/images/main/tennis_court-r9zge5qb.webp","/images/main/tennis_court-AHGmB7D0.webp","","","","","","",""
"handball-court","main","f1","place","ãƒãƒ³ãƒ‰ãƒœãƒ¼ãƒ«ã‚³ãƒ¼ãƒˆ","","","/images/main/handball_court-7mVe6x20.webp","","","","","","","",""
"audiovisual-hall-1f-wc","main","f1","place","ãƒˆã‚¤ãƒ¬[è¦–è´è¦šãƒ›ãƒ¼ãƒ«]","","","","","","","","","","",""
"audiovisual-hall-1f-stairs-0","main","f1","place","éšæ®µ[è¦–è´è¦šãƒ›ãƒ¼ãƒ«]","","","","","","","","","","",""
"audiovisual-hall-1f-stairs-1","main","f1","place","éšæ®µ[è¦–è´è¦šãƒ›ãƒ¼ãƒ«]","","","","","","","","","","",""
"audiovisual-hall-1f-passage-0","main","f1","place","é€šè·¯[è¦–è´è¦šãƒ›ãƒ¼ãƒ«]","","","","","","","","","","",""
"audiovisual-hall-1f-passage-1","main","f1","place","é€šè·¯[è¦–è´è¦šãƒ›ãƒ¼ãƒ«]","","","","","","","","","","",""
"nishi-hall-1f-office","main","f1","place","äº‹å‹™å®¤[è¥¿é«˜ä¼šé¤¨]","","","","","","","","","","",""
"nishi-hall-1f-wc","main","f1","place","èª°ã§ã‚‚ãƒˆã‚¤ãƒ¬[è¥¿é«˜ä¼šé¤¨]","","","","","","","","","","",""
"nishi-hall-1f-printing","main","f1","place","å°åˆ·å®¤[è¥¿é«˜ä¼šé¤¨]","","","","","","","","","","",""
"nishi-hall-1f-cafeteria","main","f1","place","é£Ÿå ‚[è¥¿é«˜ä¼šé¤¨]","","","","","","","","","","",""
"nishi-hall-1f-kitchen","main","f1","place","å¨æˆ¿[è¥¿é«˜ä¼šé¤¨]","","","","","","","","","","",""
"nishi-hall-1f-stairs","main","f1","place","éšæ®µ[è¥¿é«˜ä¼šé¤¨]","","","","","","","","","","",""
"nishi-hall-1f-outdoor-stairs","main","f1","place","å¤–éšæ®µ[è¥¿é«˜ä¼šé¤¨]","","","","","","","","","","",""
"gym-1f","main","f1","place","ä½“è‚²é¤¨","","","","","","","","","","",""
"gym-1f-stairs","main","f1","place","éšæ®µ[ä½“è‚²é¤¨]","","","","","","","","","","",""
"gym-1f-warehouse","main","f1","place","ä½“è‚²å€‰åº«[ä½“è‚²é¤¨]","","","","","","","","","","",""
"gym-1f-wc","main","f1","place","ãƒˆã‚¤ãƒ¬[ä½“è‚²é¤¨]","","","","","","","","","","",""
"gym-1f-stage","main","f1","place","ã‚¹ãƒ†ãƒ¼ã‚¸[ä½“è‚²é¤¨]","èˆå°","","","","","","","","","",""
"gym-1f-stage-stairs-0","main","f1","place","ã‚¹ãƒ†ãƒ¼ã‚¸è„‡éšæ®µ[ä½“è‚²é¤¨]","èˆå°","","","","","","","","","",""
"gym-1f-stage-stairs-1","main","f1","place","ã‚¹ãƒ†ãƒ¼ã‚¸è„‡éšæ®µ[ä½“è‚²é¤¨]","èˆå°","","","","","","","","","",""
"gym-1f-stage-side-0","main","f1","place","ã‚¹ãƒ†ãƒ¼ã‚¸è„‡[ä½“è‚²é¤¨]","èˆå°","","","","","","","","","",""
"gym-1f-stage-side-1","main","f1","place","ã‚¹ãƒ†ãƒ¼ã‚¸è„‡[ä½“è‚²é¤¨]","èˆå°","","","","","","","","","",""
"martial-arts-field-1f-0","main","f1","place","æ ¼æŠ€å®¤(1)[æ­¦é“å ´]","æ ¼æŠ€æ£Ÿ","","","","","","","","","",""
"martial-arts-field-1f-1","main","f1","place","æ ¼æŠ€å®¤(2)[æ­¦é“å ´]","æ ¼æŠ€æ£Ÿ","","","","","","","","","",""
"martial-arts-field-1f-wc","main","f1","place","ãƒˆã‚¤ãƒ¬[æ­¦é“å ´]","æ ¼æŠ€æ£Ÿ","","","","","","","","","",""
"martial-arts-field-1f-warehouse","main","f1","place","å™¨å…·åº«[æ­¦é“å ´]","æ ¼æŠ€æ£Ÿ","","","","","","","","","",""
"martial-arts-field-1f-stairs","main","f1","place","éšæ®µ[æ­¦é“å ´]","æ ¼æŠ€æ£Ÿ","","","","","","","","","",""
"fountain","main","f1","place","æ„›ã®æ³‰","","è¥¿é«˜ã®ã‚·ãƒ³ãƒœãƒ«ã¨ã‚‚ã„ãˆã‚‹**æ„›ã®æ³‰**ã€‚/nè¥¿é«˜ã«ã¯æ„›ã®æ³‰ã«é–¢ã™ã‚‹æ§˜ã€…ãªå™‚ãŒã‚ã‚‹ã€‚","/images/main/fountain-87KPE1Vq.webp","","","","","","","",""
"garbage-dump","main","f1","place","ã‚´ãƒŸç½®ãå ´","ã‚´ãƒŸæ¨ã¦å ´","","","","","","","","","",""
"bicycle-parking-1st-0","main","f1","place","è‡ªè»¢è»Šç½®ãå ´(1å¹´)","","","","","","","","","","",""
"bicycle-parking-1st-1","main","f1","place","è‡ªè»¢è»Šç½®ãå ´(1å¹´)","","","","","","","","","","",""
"bicycle-parking-1st-2","main","f1","place","è‡ªè»¢è»Šç½®ãå ´(1å¹´)","","","","","","","","","","",""
"bicycle-parking-2nd-0","main","f1","place","è‡ªè»¢è»Šç½®ãå ´(2å¹´)","","","","","","","","","","",""
"bicycle-parking-2nd-1","main","f1","place","è‡ªè»¢è»Šç½®ãå ´(2å¹´)","","","","","","","","","","",""
"bicycle-parking-2nd-2","main","f1","place","è‡ªè»¢è»Šç½®ãå ´(2å¹´)","","","","","","","","","","",""
"bicycle-parking-3nd-0","main","f1","place","è‡ªè»¢è»Šç½®ãå ´(3å¹´)","","","","","","","","","","",""
"bicycle-parking-3nd-1","main","f1","place","è‡ªè»¢è»Šç½®ãå ´(3å¹´)","","","","","","","","","","",""
"bicycle-parking-teachers","main","f1","place","è‡ªè»¢è»Šç½®ãå ´(å…ˆç”Ÿ)","","","","","","","","","","",""
"clubroom-0","main","f1","place","ã‚·ãƒ–æ¥½éšŠ[éƒ¨å®¤]","","","","","","","","","","",""
"clubroom-1","main","f1","place","æ­´å²ç ”ç©¶éƒ¨[éƒ¨å®¤]","","","","","","","","","","",""
"clubroom-2","main","f1","place","æ¼”åŠ‡éƒ¨[éƒ¨å®¤]","","","","","","","","","","",""
"clubroom-3","main","f1","place","ä½“æ“éƒ¨[éƒ¨å®¤]","","","","","","","","","","",""
"clubroom-4","main","f1","place","å¹å¥æ¥½éƒ¨[éƒ¨å®¤]","","","","","","","","","","",""
"clubroom-5","main","f1","place","ç”·å­ãƒã‚¹ã‚±ãƒƒãƒˆãƒœãƒ¼ãƒ«éƒ¨[éƒ¨å®¤]","","","","","","","","","","",""
"clubroom-6","main","f1","place","å‰£é“éƒ¨[éƒ¨å®¤]","","","","","","","","","","",""
"clubroom-7","main","f1","place","åŒ–å­¦éƒ¨[éƒ¨å®¤]","","","","","","","","","","",""
"clubroom-8","main","f1","place","åœ’èŠ¸éƒ¨[éƒ¨å®¤]","","","","","","","","","","",""
"clubroom-9","main","f1","place","è»½éŸ³æ¥½åŒå¥½ä¼š[éƒ¨å®¤]","","","","","","","","","","",""
"clubroom-10","main","f1","place","ã¤ã‚‹ã°ã¿åŒå¥½ä¼š[éƒ¨å®¤]","","","","","","","","","","",""
"clubroom-11","main","f1","place","ç”·å­ãƒãƒ¬ãƒ¼ãƒœãƒ¼ãƒ«éƒ¨[éƒ¨å®¤]","","","","","","","","","","",""
"clubroom-12","main","f1","place","å“çƒéƒ¨[éƒ¨å®¤]","","","","","","","","","","",""
"clubroom-13","main","f1","place","æ°´æ³³éƒ¨[éƒ¨å®¤]","","","","","","","","","","",""
"clubroom-14","main","f1","place","å¥³å­ãƒãƒ¬ãƒ¼ãƒœãƒ¼ãƒ«éƒ¨[éƒ¨å®¤]","","","","","","","","","","",""
"clubroom-15","main","f1","place","å¥³å­ãƒã‚¹ã‚±ãƒƒãƒˆãƒœãƒ¼ãƒ«éƒ¨[éƒ¨å®¤]","","","","","","","","","","",""
"clubroom-16","main","f1","place","ãƒãƒ‰ãƒŸãƒ³ãƒˆãƒ³éƒ¨[éƒ¨å®¤]","","","","","","","","","","",""
"clubroom-17","main","f1","place","ãƒ€ãƒ³ã‚¹éƒ¨[éƒ¨å®¤]","","","","","","","","","","",""
"clubroom-building-0-1f-stairs-0","main","f1","place","éšæ®µ[éƒ¨å®¤æ£Ÿ]","","","","","","","","","","",""
"clubroom-building-0-1f-stairs-1","main","f1","place","éšæ®µ[éƒ¨å®¤æ£Ÿ]","","","","","","","","","","",""
"clubroom-building-0-1f-room-0","main","f1","place","å†™çœŸéƒ¨[éƒ¨å®¤æ£Ÿ]","","","","","","","","","","",""
"clubroom-building-0-1f-room-1","main","f1","place","ç”Ÿå¾’ä¼šå€‰åº«[éƒ¨å®¤æ£Ÿ]","","","","","","","","","","",""
"clubroom-building-0-1f-room-2","main","f1","place","å¥³å­ãƒãƒ³ãƒ‰ãƒœãƒ¼ãƒ«éƒ¨[éƒ¨å®¤æ£Ÿ]","","","","","","","","","","",""
"clubroom-building-0-1f-room-3","main","f1","place","ç”·å­ãƒãƒ³ãƒ‰ãƒœãƒ¼ãƒ«éƒ¨[éƒ¨å®¤æ£Ÿ]","","","","","","","","","","",""
"clubroom-building-0-1f-room-4","main","f1","place","ç”·å­ç¡¬å¼ãƒ†ãƒ‹ã‚¹éƒ¨[éƒ¨å®¤æ£Ÿ]","","","","","","","","","","",""
"clubroom-building-0-1f-room-5","main","f1","place","ç¡¬å¼é‡çƒéƒ¨[éƒ¨å®¤æ£Ÿ]","","","","","","","","","","",""
"clubroom-building-0-1f-room-6","main","f1","place","é™¸ä¸Šç«¶æŠ€éƒ¨[éƒ¨å®¤æ£Ÿ]","","","","","","","","","","",""
"clubroom-building-0-1f-room-7","main","f1","place","ã‚µãƒƒã‚«ãƒ¼éƒ¨[éƒ¨å®¤æ£Ÿ]","","","","","","","","","","",""
"clubroom-building-0-1f-room-8","main","f1","place","ã‚¢ãƒ¡ãƒªã‚«ãƒ³ãƒ•ãƒƒãƒˆãƒœãƒ¼ãƒ«éƒ¨[éƒ¨å®¤æ£Ÿ]","","","","","","","","","","",""
"clubroom-building-1-warehouse-0","main","f1","place","å€‰åº«[éƒ¨å®¤æ£Ÿ]","","","/images/main/clubroom_building_1-39A51R8u.webp","","","","","","","",""
"clubroom-building-1-warehouse-1","main","f1","place","å€‰åº«[éƒ¨å®¤æ£Ÿ]","","","","","","","","","","",""
"clubroom-building-1-wc-man","main","f1","place","ç”·å­ãƒˆã‚¤ãƒ¬[éƒ¨å®¤æ£Ÿ]","","","","","","","","","","",""
"clubroom-building-1-wc-woman","main","f1","place","å¥³å­ãƒˆã‚¤ãƒ¬[éƒ¨å®¤æ£Ÿ]","","","","","","","","","","",""
"clubroom-building-1-shower-0","main","f1","place","ã‚·ãƒ£ãƒ¯ãƒ¼å®¤[éƒ¨å®¤æ£Ÿ]","","","","","","","","","","",""
"clubroom-building-1-shower-1","main","f1","place","ã‚·ãƒ£ãƒ¯ãƒ¼å®¤[éƒ¨å®¤æ£Ÿ]","","","","","","","","","","",""
"pilotis","main","f1","place","ãƒ—ãƒ¼ãƒ«ä¸‹ãƒ”ãƒ­ãƒ†ã‚£","","","/images/main/pilotis-kZRaRnHs.webp","","","","","","","",""
"training-room","main","f1","place","ãƒˆãƒ¬ãƒ¼ãƒ‹ãƒ³ã‚°ãƒ«ãƒ¼ãƒ ","ãƒˆãƒ¬å®¤","","","","","","","","","",""
"electrical-room","main","f1","place","ãƒ—ãƒ¼ãƒ«æ©Ÿæ¢°å®¤","","","","","","","","","","",""
"pool-mechanical-room","main","f1","place","é›»æ°—å®¤","","","","","","","","","","",""
"gate-west-0","main","f1","place","è¥¿é–€","","","/images/main/gate_west_0-7BfkEqJ3.webp","/images/main/gate_west_0-aCc5V363.webp","","","","","","",""
"gate-west-1","main","f1","place","è¥¿é–€","","[ã“ã¡ã‚‰ã®è¥¿é–€](gate_west_0)ã®æ–¹ãŒå¤šãåˆ©ç”¨ã•ã‚Œã¦ã„ã‚‹ã€‚","/images/main/gate_west_1-6G2EaBq6.webp","","","","","","","",""
"gate-west-2","main","f1","place","è¥¿é–€(æ ¡åº­)","","æ™®æ®µã¯é–‰é–€ã•ã‚Œã¦ã„ã‚‹ã€‚","/images/main/gate_west_2-39A51R8u.webp","/images/main/gate_west_2-NHvb5xm3.webp","","","","","","",""
"gate-north-0","main","f1","place","æ­£é–€","","","/images/main/gate_north_0-1ZftrcP4.webp","/images/main/gate_north_0-AHGmB7D0.webp","","","","","","",""
"gate-east-0","main","f1","place","æ±é–€","","æ™®æ®µã¯é–‰é–€ã•ã‚Œã¦ã„ã‚‹ã€‚","/images/main/gate_east_0-qAB23K19.webp","/images/main/gate_east_0-JqRhs34H.webp","","","","","","",""
"gate-nishi-hall-0","main","f1","place","è¥¿é«˜ä¼šé¤¨ã‚²ãƒ¼ãƒˆ","","","/images/main/gate_nishi_hall_0-7BfkEqJ3.webp","/images/main/gate_nishi_hall_0-aCc5V363.webp","","","","","","",""
"gate-nishi-hall-1","main","f1","place","è¥¿é«˜ä¼šé¤¨ã‚²ãƒ¼ãƒˆ","","","/images/main/gate_nishi_hall_1-7mVe6x20.webp","","","","","","","",""
"straight-course","main","f1","place","ç›´ç·šãƒˆãƒ©ãƒƒã‚¯","","","/images/main/straight_course-k0DNpn6R.webp","","","","","","","",""
"students-entrance","main","f1","place","ç”Ÿå¾’æ˜‡é™å£","","","","","","","","","","",""
"teachers-entrance","main","f1","place","è·å“¡æ˜‡é™å£","","","","","","","","","","",""
"the-student-council-room","main","f1","place","ç”Ÿå¾’ä¼šå®¤","","","","","","","","","","",""
"janitorial-room","main","f1","place","ç”¨å‹™å®¤","","","","","","","","","","",""
"corporate-planning-office","main","f1","place","çµŒå–¶ä¼ç”»å®¤","","","","","","","","","","",""
"principals-office","main","f1","place","æ ¡é•·å®¤","","","","","","","","","","",""
"health-room","main","f1","place","ä¿å¥å®¤","","","","","","","","","","",""
"health-consultation-room","main","f1","place","ä¿å¥ç›¸è«‡å®¤","","","","","","","","","","",""
"japanese-style-room","main","f1","place","å’Œå®¤","","","","","","","","","","",""
"home-economics-room","main","f1","place","å®¶åº­ç§‘æ•™å®¤","","","","","","","","","","",""
"home-economics-preparation-room","main","f1","place","å®¶åº­ç§‘æº–å‚™å®¤","","","","","","","","","","",""
"food-room","main","f1","place","é£Ÿç‰©æ•™å®¤","","","","","","","","","","",""
"pc-room","main","f1","place","PCå®¤","","","","","","","","","","",""
"pc-preparation-room","main","f1","place","PCæº–å‚™å®¤","","","","","","","","","","",""
"ll-room","main","f1","place","LLå®¤","","","","","","","","","","",""
"ll-preparation-room","main","f1","place","LLæº–å‚™å®¤","","","","","","","","","","",""
"office-warehouse","main","f1","place","äº‹å‹™å€‰åº«","","","","","","","","","","",""
"stairs-gym-passage-1f-0","main","f1","place","éšæ®µ(ä½“è‚²é¤¨è„‡é€šè·¯)","","","","","","","","","","",""
"stairs-gym-passage-1f-1","main","f1","place","éšæ®µ(ä½“è‚²é¤¨è„‡é€šè·¯)","","","","","","","","","","",""
"stairs-gym-passage-2f-0","main","f2","place","éšæ®µ(ä½“è‚²é¤¨è„‡é€šè·¯)","","","","","","","","","","",""
"stairs-gym-passage-2f-1","main","f2","place","éšæ®µ(ä½“è‚²é¤¨è„‡é€šè·¯)","","","","","","","","","","",""
"stairs-pool-1f","main","f1","place","éšæ®µ(ãƒ—ãƒ¼ãƒ«è„‡)","","","","","","","","","","",""
"stairs-pool-2f","main","f2","place","éšæ®µ(ãƒ—ãƒ¼ãƒ«è„‡)","","","","","","","","","","",""
"stairs-class-center-1f","main","f1","place","éšæ®µ(æ•™å®¤æ£Ÿä¸­å¤®)","","","","","","","","","","",""
"stairs-class-center-2f","main","f2","place","éšæ®µ(æ•™å®¤æ£Ÿä¸­å¤®)","","","","","","","","","","",""
"stairs-class-center-3f","main","f3","place","éšæ®µ(æ•™å®¤æ£Ÿä¸­å¤®)","","","","","","","","","","",""
"stairs-class-east-1f","main","f1","place","éšæ®µ(æ•™å®¤æ£Ÿæ±)","","","","","","","","","","",""
"warehouse-1","main","f1","place","å€‰åº«1","","","","","","","","","","",""
"stairs-class-east-2f","main","f2","place","éšæ®µ(æ•™å®¤æ£Ÿæ±)","","","","","","","","","","",""
"stairs-class-east-3f","main","f3","place","éšæ®µ(æ•™å®¤æ£Ÿæ±)","","","","","","","","","","",""
"stairs-class-west-1f","main","f1","place","éšæ®µ(æ•™å®¤æ£Ÿè¥¿)","","","","","","","","","","",""
"stairs-class-west-2f","main","f2","place","éšæ®µ(æ•™å®¤æ£Ÿè¥¿)","","","","","","","","","","",""
"stairs-class-west-3f","main","f3","place","éšæ®µ(æ•™å®¤æ£Ÿè¥¿)","","","","","","","","","","",""
"stairs-management-west-1f","main","f1","place","éšæ®µ(ç®¡ç†æ£Ÿè¥¿)","","","","","","","","","","",""
"stairs-management-west-2f","main","f2","place","éšæ®µ(ç®¡ç†æ£Ÿè¥¿)","","","","","","","","","","",""
"stairs-management-west-3f","main","f3","place","éšæ®µ(ç®¡ç†æ£Ÿè¥¿)","","","","","","","","","","",""
"stairs-management-center-1f","main","f1","place","éšæ®µ(ç®¡ç†æ£Ÿä¸­å¤®)","","","","","","","","","","",""
"stairs-management-center-2f","main","f2","place","éšæ®µ(ç®¡ç†æ£Ÿä¸­å¤®)","","","","","","","","","","",""
"stairs-management-center-3f","main","f3","place","éšæ®µ(ç®¡ç†æ£Ÿä¸­å¤®)","","","","","","","","","","",""
"stairs-management-north-1f","main","f1","place","éšæ®µ(ç®¡ç†æ£ŸåŒ—)","","","","","","","","","","",""
"stairs-management-north-2f","main","f2","place","éšæ®µ(ç®¡ç†æ£ŸåŒ—)","","","","","","","","","","",""
"stairs-management-north-3f","main","f3","place","éšæ®µ(ç®¡ç†æ£ŸåŒ—)","","","","","","","","","","",""
"wc-pilotis","main","f1","place","ãƒˆã‚¤ãƒ¬(ãƒ”ãƒ­ãƒ†ã‚£)","","","","","","","","","","",""
"wc-class-east-1f","main","f1","place","ãƒˆã‚¤ãƒ¬(æ•™å®¤æ£Ÿæ±)","","","","","","","","","","",""
"wc-class-east-2f","main","f2","place","ãƒˆã‚¤ãƒ¬(æ•™å®¤æ£Ÿæ±)","","","","","","","","","","",""
"wc-class-east-3f","main","f3","place","ãƒˆã‚¤ãƒ¬(æ•™å®¤æ£Ÿæ±)","","","","","","","","","","",""
"wc-class-west-1f","main","f1","place","ãƒˆã‚¤ãƒ¬(æ•™å®¤æ£Ÿè¥¿)","","","","","","","","","","",""
"wc-class-west-2f","main","f2","place","ãƒˆã‚¤ãƒ¬(æ•™å®¤æ£Ÿè¥¿)","","","","","","","","","","",""
"wc-class-west-3f","main","f3","place","ãƒˆã‚¤ãƒ¬(æ•™å®¤æ£Ÿè¥¿)","","","","","","","","","","",""
"wc-management-west-1f","main","f1","place","ãƒˆã‚¤ãƒ¬(ç®¡ç†æ£Ÿè¥¿)","","","","","","","","","","",""
"wc-management-west-2f","main","f2","place","ãƒˆã‚¤ãƒ¬(ç®¡ç†æ£Ÿè¥¿)","","","","","","","","","","",""
"wc-management-west-3f","main","f3","place","ãƒˆã‚¤ãƒ¬(ç®¡ç†æ£Ÿè¥¿)","","","","","","","","","","",""
"wc-management-center-1f","main","f1","place","ãƒˆã‚¤ãƒ¬(ç®¡ç†æ£Ÿä¸­å¤®)","","","","","","","","","","",""
"wc-management-center-2f","main","f2","place","ãƒˆã‚¤ãƒ¬(ç®¡ç†æ£Ÿä¸­å¤®)","","","","","","","","","","",""
"wc-management-center-3f","main","f3","place","ãƒˆã‚¤ãƒ¬(ç®¡ç†æ£Ÿä¸­å¤®)","","","","","","","","","","",""
"wc-management-north-1f","main","f1","place","ãƒˆã‚¤ãƒ¬(ç®¡ç†æ£ŸåŒ—)","","","","","","","","","","",""
"wc-management-north-2f","main","f2","place","ãƒˆã‚¤ãƒ¬(ç®¡ç†æ£ŸåŒ—)","","","","","","","","","","",""
"wc-management-north-3f","main","f3","place","ãƒˆã‚¤ãƒ¬(ç®¡ç†æ£ŸåŒ—)","","","","","","","","","","",""
"wc-management-center-accessible-1f","main","f1","place","ãƒãƒªã‚¢ãƒ•ãƒªãƒ¼ãƒˆã‚¤ãƒ¬(ç®¡ç†æ£ŸåŒ—)","","","","","","","","","","",""
"wc-management-center-accessible-2f","main","f2","place","ãƒãƒªã‚¢ãƒ•ãƒªãƒ¼ãƒˆã‚¤ãƒ¬(ç®¡ç†æ£ŸåŒ—)","","","","","","","","","","",""
"wc-management-center-accessible-3f","main","f3","place","ãƒãƒªã‚¢ãƒ•ãƒªãƒ¼ãƒˆã‚¤ãƒ¬(ç®¡ç†æ£ŸåŒ—)","","","","","","","","","","",""
"ev-1f","main","f1","place","ã‚¨ãƒ¬ãƒ™ãƒ¼ã‚¿ãƒ¼","","","","","","","","","","",""
"ev-2f","main","f2","place","ã‚¨ãƒ¬ãƒ™ãƒ¼ã‚¿ãƒ¼","","","","","","","","","","",""
"ev-3f","main","f3","place","ã‚¨ãƒ¬ãƒ™ãƒ¼ã‚¿ãƒ¼","","","","","","","","","","",""
"classroom-2a","main","f2","place","2A","æ™®é€šæ•™å®¤ ã‚¯ãƒ©ã‚¹ 2å¹´ Açµ„","","","","","","","","","",""
"classroom-2b","main","f2","place","2B","æ™®é€šæ•™å®¤ ã‚¯ãƒ©ã‚¹ 2å¹´ Bçµ„","","","","","","","","","",""
"classroom-2c","main","f2","place","2C","æ™®é€šæ•™å®¤ ã‚¯ãƒ©ã‚¹ 2å¹´ Cçµ„","","","","","","","","","",""
"classroom-2d","main","f2","place","2D","æ™®é€šæ•™å®¤ ã‚¯ãƒ©ã‚¹ 2å¹´ Dçµ„","","","","","","","","","",""
"classroom-2e","main","f2","place","2E","æ™®é€šæ•™å®¤ ã‚¯ãƒ©ã‚¹ 2å¹´ Eçµ„","","","","","","","","","",""
"classroom-2f","main","f2","place","2F","æ™®é€šæ•™å®¤ ã‚¯ãƒ©ã‚¹ 2å¹´ Fçµ„","","","","","","","","","",""
"classroom-2g","main","f2","place","2G","æ™®é€šæ•™å®¤ ã‚¯ãƒ©ã‚¹ 2å¹´ Gçµ„","","","","","","","","","",""
"classroom-2h","main","f2","place","2H","æ™®é€šæ•™å®¤ ã‚¯ãƒ©ã‚¹ 2å¹´ Hçµ„","","","","","","","","","",""
"clubroom-building-0-2f-stairs-0","main","f2","place","éšæ®µ[éƒ¨å®¤æ£Ÿ]","","","","","","","","","","",""
"clubroom-building-0-2f-stairs-1","main","f2","place","éšæ®µ[éƒ¨å®¤æ£Ÿ]","","","","","","","","","","",""
"clubroom-building-0-2f-room-0","main","f2","place","ã‚¤ãƒ©ã‚¹ãƒˆç ”ç©¶éƒ¨[éƒ¨å®¤æ£Ÿ]","","","","","","","","","","",""
"clubroom-building-0-2f-room-1","main","f2","place","æ–°èéƒ¨[éƒ¨å®¤æ£Ÿ]","","","","","","","","","","",""
"clubroom-building-0-2f-room-2","main","f2","place","æ–‡èŠ¸éƒ¨[éƒ¨å®¤æ£Ÿ]","","","","","","","","","","",""
"clubroom-building-0-2f-room-3","main","f2","place","ç®¡å¼¦æ¥½éƒ¨[éƒ¨å®¤æ£Ÿ]","","","","","","","","","","",""
"clubroom-building-0-2f-room-4","main","f2","place","CRæ±æ—¥æœ¬[éƒ¨å®¤æ£Ÿ]","","","","","","","","","","",""
"clubroom-building-0-2f-room-5","main","f2","place","å®‡å®™ç ”ç©¶éƒ¨[éƒ¨å®¤æ£Ÿ]","","","","","","","","","","",""
"clubroom-building-0-2f-room-6","main","f2","place","ãƒ¯ãƒ³ãƒ€ãƒ¼ãƒ•ã‚©ãƒ¼ã‚²ãƒ«éƒ¨[éƒ¨å®¤æ£Ÿ]","","","","","","","","","","",""
"clubroom-building-0-2f-room-7","main","f2","place","å›²ç¢å°†æ£‹éƒ¨[éƒ¨å®¤æ£Ÿ]","","","","","","","","","","",""
"clubroom-building-0-2f-room-8","main","f2","place","å¥³å­ç¡¬å¼ãƒ†ãƒ‹ã‚¹éƒ¨[éƒ¨å®¤æ£Ÿ]","","","","","","","","","","",""
"clubroom-building-0-2f-room-9","main","f2","place","ã‚½ãƒ•ãƒˆãƒ†ãƒ‹ã‚¹éƒ¨(å¥³å­)[éƒ¨å®¤æ£Ÿ]","","","","","","","","","","",""
"audiovisual-hall-2f-monitor-room","main","f2","place","ãƒ¢ãƒ‹ã‚¿ãƒ¼ãƒ«ãƒ¼ãƒ ","","","","","","","","","","",""
"audiovisual-hall-2f-stairs-0","main","f2","place","éšæ®µ[è¦–è´è¦šãƒ›ãƒ¼ãƒ«]","","","","","","","","","","",""
"audiovisual-hall-2f-stairs-1","main","f2","place","éšæ®µ[è¦–è´è¦šãƒ›ãƒ¼ãƒ«]","","","","","","","","","","",""
"audiovisual-hall-2f-ramp-0","main","f2","place","ã‚¹ãƒ­ãƒ¼ãƒ—[è¦–è´è¦šãƒ›ãƒ¼ãƒ«]","","","","","","","","","","",""
"audiovisual-hall-2f-ramp-1","main","f2","place","ã‚¹ãƒ­ãƒ¼ãƒ—[è¦–è´è¦šãƒ›ãƒ¼ãƒ«]","","","","","","","","","","",""
"audiovisual-hall-2f","main","f2","place","è¦–è´è¦šãƒ›ãƒ¼ãƒ«","","","","","","","","","","",""
"audiovisual-hall-2f-stage","main","f2","place","ã‚¹ãƒ†ãƒ¼ã‚¸[è¦–è´è¦šãƒ›ãƒ¼ãƒ«]","èˆå°","","","","","","","","","",""
"audiovisual-hall-2f-stage-side-0","main","f2","place","ã‚¹ãƒ†ãƒ¼ã‚¸è„‡[è¦–è´è¦šãƒ›ãƒ¼ãƒ«]","èˆå°","","","","","","","","","",""
"audiovisual-hall-2f-stage-side-1","main","f2","place","ã‚¹ãƒ†ãƒ¼ã‚¸è„‡[è¦–è´è¦šãƒ›ãƒ¼ãƒ«]","èˆå°","","","","","","","","","",""
"nishi-hall-2f-stairs","main","f2","place","éšæ®µ[è¥¿é«˜ä¼šé¤¨]","","","","","","","","","","",""
"nishi-hall-2f-outdoor-stairs","main","f2","place","å¤–éšæ®µ[è¥¿é«˜ä¼šé¤¨]","","","","","","","","","","",""
"nishi-hall-2f-office","main","f2","place","è¥¿é«˜ä¼šãƒ»åŒçª“ä¼šäº‹å‹™å®¤[è¥¿é«˜ä¼šé¤¨]","","","","","","","","","","",""
"nishi-hall-2f-wc-man-0","main","f2","place","ç”·å­ãƒˆã‚¤ãƒ¬1[è¥¿é«˜ä¼šé¤¨]","","","","","","","","","","",""
"nishi-hall-2f-wc-man-1","main","f2","place","ç”·å­ãƒˆã‚¤ãƒ¬2[è¥¿é«˜ä¼šé¤¨]","","","","","","","","","","",""
"nishi-hall-2f-changing-room-man","main","f2","place","ç”·å­æ›´è¡£å®¤[è¥¿é«˜ä¼šé¤¨]","","","","","","","","","","",""
"nishi-hall-2f-shower-man","main","f2","place","ç”·å­ã‚·ãƒ£ãƒ¯ãƒ¼[è¥¿é«˜ä¼šé¤¨]","","","","","","","","","","",""
"nishi-hall-2f-meeting-room-0","main","f2","place","ä¼šè­°å®¤1[è¥¿é«˜ä¼šé¤¨]","","","","","","","","","","",""
"nishi-hall-2f-meeting-room-1","main","f2","place","ä¼šè­°å®¤2[è¥¿é«˜ä¼šé¤¨]","","","","","","","","","","",""
"gym-2f-teachers","main","f2","place","ä½“è‚²æ•™å®˜å®¤[ä½“è‚²é¤¨]","","","","","","","","","","",""
"gym-2f-stairs","main","f2","place","éšæ®µ[ä½“è‚²é¤¨]","","","","","","","","","","",""
"gym-2f-changing-room-man","main","f2","place","ç”·å­æ›´è¡£å®¤[ä½“è‚²é¤¨]","","","","","","","","","","",""
"gym-2f-changing-room-woman","main","f2","place","å¥³å­æ›´è¡£å®¤[ä½“è‚²é¤¨]","","","","","","","","","","",""
"gym-2f-catwalk","main","f2","place","ã‚­ãƒ£ãƒƒãƒˆã‚¦ã‚©ãƒ¼ã‚¯[ä½“è‚²é¤¨]","","","","","","","","","","",""
"gym-2f-passage-0","main","f2","place","é€šè·¯[ä½“è‚²é¤¨]","èˆå°","","","","","","","","","",""
"gym-2f-passage-1","main","f2","place","é€šè·¯[ä½“è‚²é¤¨]","èˆå°","","","","","","","","","",""
"gym-2f-stage-broadcast-room","main","f2","place","æ”¾é€å®¤[ä½“è‚²é¤¨]","èˆå°","","","","","","","","","",""
"gym-2f-stage-waiting-room","main","f2","place","æ§ãˆå®¤[ä½“è‚²é¤¨]","èˆå°","","","","","","","","","",""
"gym-2f-stage-stairs-0","main","f2","place","ã‚¹ãƒ†ãƒ¼ã‚¸è„‡éšæ®µ[ä½“è‚²é¤¨]","èˆå°","","","","","","","","","",""
"gym-2f-stage-stairs-1","main","f2","place","ã‚¹ãƒ†ãƒ¼ã‚¸è„‡éšæ®µ[ä½“è‚²é¤¨]","èˆå°","","","","","","","","","",""
"martial-arts-field-2f-stairs","main","f2","place","éšæ®µ[æ­¦é“å ´]","æ ¼æŠ€æ£Ÿ","","","","","","","","","",""
"martial-arts-field-2f-teachers","main","f2","place","ä½“è‚²æ•™å®˜å®¤[æ­¦é“å ´]","æ ¼æŠ€æ£Ÿ","","","","","","","","","",""
"martial-arts-field-2f-changing-man","main","f2","place","ç”·å­æ›´è¡£å®¤[æ­¦é“å ´]","æ ¼æŠ€æ£Ÿ","","","","","","","","","",""
"martial-arts-field-2f-changing-woman","main","f2","place","å¥³å­æ›´è¡£å®¤[æ­¦é“å ´]","æ ¼æŠ€æ£Ÿ","","","","","","","","","",""
"pool","main","f2","place","ãƒ—ãƒ¼ãƒ«","","","","","","","","","","",""
"pool-changing-room-man","main","f2","place","ç”·å­æ›´è¡£å®¤[ãƒ—ãƒ¼ãƒ«]","","","","","","","","","","",""
"pool-changing-room-woman","main","f2","place","å¥³å­æ›´è¡£å®¤[ãƒ—ãƒ¼ãƒ«]","","","","","","","","","","",""
"social-studies-room-2nd","main","f2","place","ç¬¬äºŒç¤¾ä¼šç§‘æ•™å®¤","ç¬¬2ç¤¾ä¼šç§‘æ•™å®¤ ç¬¬äºŒç¤¾æ•™ ç¬¬2ç¤¾æ•™","","","","","","","","","",""
"social-studies-preparation-room","main","f2","place","ç¤¾ä¼šç§‘æº–å‚™å®¤","","","","","","","","","","",""
"social-studies-room-1st","main","f2","place","ç¬¬ä¸€ç¤¾ä¼šç§‘æ•™å®¤","ç¬¬1ç¤¾ä¼šç§‘æ•™å®¤ ç¬¬ä¸€ç¤¾æ•™ ç¬¬1ç¤¾æ•™","","","","","","","","","",""
"printing-room","main","f2","place","å°åˆ·å®¤","","","","","","","","","","",""
"teachers-room","main","f2","place","è·å“¡å®¤","","","","","","","","","","",""
"broadcast-room","main","f2","place","æ”¾é€å®¤","","","","","","","","","","",""
"career-room","main","f2","place","é€²è·¯å®¤","","","","","","","","","","",""
"consultation-room-1st","main","f2","place","ç¬¬ä¸€ç”Ÿå¾’ç›¸è«‡å®¤","ç¬¬1ç”Ÿå¾’ç›¸è«‡å®¤ ç¬¬ä¸€ç”Ÿç›¸ ç¬¬1ç”Ÿç›¸","","","","","","","","","",""
"consultation-room-2nd","main","f2","place","ç¬¬äºŒç”Ÿå¾’ç›¸è«‡å®¤","ç¬¬2ç”Ÿå¾’ç›¸è«‡å®¤ ç¬¬äºŒç”Ÿç›¸ ç¬¬2ç”Ÿç›¸","","","","","","","","","",""
"special-room-2nd","main","f2","place","ç¬¬äºŒç‰¹åˆ¥æ•™å®¤","ç¬¬2ç‰¹åˆ¥æ•™å®¤ ç¬¬äºŒç‰¹æ•™ ç¬¬2ç‰¹æ•™","","","","","","","","","",""
"art-material-room","main","f2","place","ç¾è¡“è³‡æ–™å®¤","","","","","","","","","","",""
"art-room","main","f2","place","ç¾è¡“æ•™å®¤","","","","","","","","","","",""
"art-preparation-room","main","f2","place","ç¾è¡“æº–å‚™å®¤","","","","","","","","","","",""
"craft-preparation-room","main","f2","place","å·¥èŠ¸æº–å‚™å®¤","","","","","","","","","","",""
"craft-room","main","f2","place","å·¥èŠ¸æ•™å®¤","","","","","","","","","","",""
"craft-warehouse","main","f2","place","å·¥èŠ¸å€‰åº«","","","","","","","","","","",""
"changing-room-1","main","f2","place","æ›´è¡£å®¤1","","","","","","","","","","",""
"changing-room-3","main","f2","place","æ›´è¡£å®¤3","","","","","","","","","","",""
"document-preparation-room","main","f2","place","è³‡æ–™æº–å‚™å®¤","","","","","","","","","","",""
"meeting-room","main","f2","place","ä¼šè­°å®¤","","","","","","","","","","",""
"english-preparation-room","main","f2","place","è‹±èªç§‘æº–å‚™å®¤","","","","","","","","","","",""
"japanese-preparation-room","main","f2","place","å›½èªç§‘æº–å‚™å®¤","","","","","","","","","","",""
"mathematics-preparation-room","main","f2","place","æ•°å­¦ç§‘æº–å‚™å®¤","","","","","","","","","","",""
"classroom-3a","main","f3","place","3A","æ™®é€šæ•™å®¤ ã‚¯ãƒ©ã‚¹ 3å¹´ Açµ„","","","","","","","","","",""
"classroom-3b","main","f3","place","3B","æ™®é€šæ•™å®¤ ã‚¯ãƒ©ã‚¹ 3å¹´ Bçµ„","","","","","","","","","",""
"classroom-3c","main","f3","place","3C","æ™®é€šæ•™å®¤ ã‚¯ãƒ©ã‚¹ 3å¹´ Cçµ„","","","","","","","","","",""
"classroom-3d","main","f3","place","3D","æ™®é€šæ•™å®¤ ã‚¯ãƒ©ã‚¹ 3å¹´ Dçµ„","","","","","","","","","",""
"classroom-3e","main","f3","place","3E","æ™®é€šæ•™å®¤ ã‚¯ãƒ©ã‚¹ 3å¹´ Eçµ„","","","","","","","","","",""
"classroom-3f","main","f3","place","3F","æ™®é€šæ•™å®¤ ã‚¯ãƒ©ã‚¹ 3å¹´ Fçµ„","","","","","","","","","",""
"classroom-3g","main","f3","place","3G","æ™®é€šæ•™å®¤ ã‚¯ãƒ©ã‚¹ 3å¹´ Gçµ„","","","","","","","","","",""
"classroom-3h","main","f3","place","3H","æ™®é€šæ•™å®¤ ã‚¯ãƒ©ã‚¹ 3å¹´ Hçµ„","","","","","","","","","",""
"nishi-hall-3f-stairs","main","f3","place","éšæ®µ[è¥¿é«˜ä¼šé¤¨]","","","","","","","","","","",""
"nishi-hall-3f-outdoor-stairs","main","f3","place","å¤–éšæ®µ[è¥¿é«˜ä¼šé¤¨]","","","","","","","","","","",""
"nishi-hall-3f-wc-woman","main","f3","place","å¥³å­ãƒˆã‚¤ãƒ¬[è¥¿é«˜ä¼šé¤¨]","","","","","","","","","","",""
"nishi-hall-3f-changing-room-woman","main","f3","place","å¥³å­æ›´è¡£å®¤[è¥¿é«˜ä¼šé¤¨]","","","","","","","","","","",""
"nishi-hall-3f-shower-woman","main","f3","place","å¥³å­ã‚·ãƒ£ãƒ¯ãƒ¼[è¥¿é«˜ä¼šé¤¨]","","","","","","","","","","",""
"nishi-hall-3f-reference-room","main","f3","place","è³‡æ–™å®¤[è¥¿é«˜ä¼šé¤¨]","","","","","","","","","","",""
"nishi-hall-3f-japanese-style-room-0","main","f3","place","å’Œå®¤1[è¥¿é«˜ä¼šé¤¨]","","","","","","","","","","",""
"nishi-hall-3f-japanese-style-room-1","main","f3","place","å’Œå®¤2[è¥¿é«˜ä¼šé¤¨]","","","","","","","","","","",""
"nishi-hall-3f-japanese-style-room-2","main","f3","place","å’Œå®¤3[è¥¿é«˜ä¼šé¤¨]","","","","","","","","","","",""
"physics-experiment-room","main","f3","place","ç‰©ç†å®Ÿé¨“å®¤","","","","","","","","","","",""
"physics-preparation-room","main","f3","place","ç‰©ç†æº–å‚™å®¤","","","","","","","","","","",""
"physics-lecture-room","main","f3","place","ç‰©ç†è¬›ç¾©å®¤","","","","","","","","","","",""
"chemistry-lecture-room","main","f3","place","åŒ–å­¦è¬›ç¾©å®¤","","","","","","","","","","",""
"chemistry-preparation-room","main","f3","place","åŒ–å­¦æº–å‚™å®¤","","","","","","","","","","",""
"chemistry-experiment-preparation-room","main","f3","place","åŒ–å­¦å®Ÿé¨“æº–å‚™å®¤","","","","","","","","","","",""
"chemistry-experiment-room","main","f3","place","åŒ–å­¦å®Ÿé¨“å®¤","","","","","","","","","","",""
"practice-room","main","f3","place","ç·´ç¿’å®¤","","","","","","","","","","",""
"musical-instrument-storage","main","f3","place","æ¥½å™¨åº«","","","","","","","","","","",""
"music-room","main","f3","place","éŸ³æ¥½æ•™å®¤","","","","","","","","","","",""
"music-preparation-room","main","f3","place","éŸ³æ¥½æº–å‚™å®¤","","","","","","","","","","",""
"special-room-1st","main","f3","place","ç¬¬ä¸€ç‰¹åˆ¥æ•™å®¤","ç¬¬1ç‰¹åˆ¥æ•™å®¤ ç¬¬ä¸€ç‰¹æ•™ ç¬¬1ç‰¹æ•™","","","","","","","","","",""
"biology-preparation-room","main","f3","place","ç”Ÿç‰©æº–å‚™å®¤","","","","","","","","","","",""
"biology-room","main","f3","place","ç”Ÿç‰©å®¤","","","","","","","","","","",""
"library","main","f3","place","å›³æ›¸å®¤","","","","","","","","","","",""
"library-office","main","f3","place","å¸æ›¸å®¤","","","","","","","","","","",""
"book-vault","main","f3","place","æ›¸åº«","","","","","","","","","","",""
"pta-printing-room","main","f3","place","PTAå°åˆ·å®¤","ç¬¬ä¸€è¬›ç¾©æº–å‚™å®¤","","","","","","","","","",""
"laputa","main","f3","place","ãƒ©ãƒ”ãƒ¥ã‚¿","","","","","","","","","","",""
"audiovisual-hall-3f-pinspot","main","f3","place","ãƒ”ãƒ³ã‚¹ãƒãƒƒãƒˆ","","","","","","","","","","",""
"audiovisual-hall-3f-stairs","main","f3","place","éšæ®µ[è¦–è´è¦šãƒ›ãƒ¼ãƒ«]","","","","","","","","","","",""
"pool-observation-room","main","f3","place","ãƒ—ãƒ¼ãƒ«ç›£è¦–å®¤","","","","","","","","","","",""
"s80-2a-front","shinkan80","f2","shinkan80","å‰£é“éƒ¨","","ï½¥ç´ æŒ¯ã‚Šä½“é¨“âš”ï¸âš”ï¸/nå‰£é“éƒ¨ã®ã‚¢ã‚¤ãƒ‰ãƒ«ã®åœ‹å‰ã‚¸ã‚§ã‚¤ã‚½ãƒ³ã‚’å©ã‘ã¾ã™ğŸ¤©ğŸ¤©/nï½¥äººç”ŸåŠ‡å ´(æ˜ åƒ)ğŸ”¥ğŸ”¥/næ˜¨å¹´è¨˜å¿µç¥­3ä½ã‚’å—è³ã—ãŸäººç”ŸåŠ‡å ´ï½¢é™½ç‚ï½£ãŒè¦‹ã‚Œã¾ã™ï¼/nå…ˆè¼©ã¸ã®è³ªå•å¤§æ­“è¿â€¼ï¸æ˜¯éæ¥ã¦ãã ã•ã„ï¼","/images/shinkan80/s80_kendou.webp","","","","","","","",""
"s80-2a-back","shinkan80","f2","shinkan80","ã‚·ãƒ–æ¥½éšŠ","","ã€Œé›»æ°—ã‚’ä½¿ã‚ãªã„éŸ³æ¥½ã€ã‚’ç‰¹å¾´ã¨ã™ã‚‹éŸ³æ¥½åŒå¥½ä¼šâ™ª/nãŠã—ã‚ƒã¹ã‚Šã¨ã‹ã‚®ã‚¿ãƒ¼å¼¾ãã¨ã‹ã—ã¦ã¾ã™ï¼","/images/shinkan80/s80_sibugaku.webp","","","","","","","",""
"s80-2b-front","shinkan80","f2","shinkan80","CRæ±æ—¥æœ¬","","","","","","","","","","",""
"s80-2b-back","shinkan80","f2","shinkan80","æ­´å²ç ”ç©¶éƒ¨","","","","","","","","","","",""
"s80-2c-front","shinkan80","f2","shinkan80","ç”·å­ç¡¬å¼ãƒ†ãƒ‹ã‚¹éƒ¨","","3å¹´ç”Ÿ7äººã€2å¹´ç”Ÿ9äººã§ã€é€±5æ—¥æ´»å‹•ã—ã¦ã„ã¾ã™ï¼åˆå¿ƒè€…ã€œä¸Šç´šè€…ã¾ã§æœ¬æ°—ã§ãƒ†ãƒ‹ã‚¹ã—ãŸã„æ–¹ï¼æ¥ã‚ˆã†ãœBroï¼","/images/shinkan80/s80_dannsikousikitenisu.webp","","","","","","","",""
"s80-2c-back","shinkan80","f2","shinkan80","Nishi Flyer","","","","","","","","","","",""
"s80-2d-front","shinkan80","f2","shinkan80","æ°´æ³³éƒ¨","","å¤ã¯æ°´æ³³ã€å†¬ã¯é™¸ãƒˆãƒ¬ï¼çµŒé¨“è€…æœªçµŒé¨“è€…ã©ã¡ã‚‰ã‚‚å¤§æ­“è¿(*â°â–¿â°*)ã€2Dã€‘ã§å¾…ã£ã¦ã¾ã™â™ª","/images/shinkan80/s80_suiei.webp","","","","","","","",""
"s80-2d-back","shinkan80","f2","shinkan80","å“çƒéƒ¨","","å¼·ã„äººã€æ²¢å±±ã„ã¾ã™ã€‚ç«ãƒ»æ°´ãƒ»æœ¨ãƒ»åœŸã®é€±4æ´»å‹•ã€ç”·å¥³å•ã‚ãšå¤§æ­“è¿ï¼å“çƒã¯ç´ æ™´ã‚‰ã—ã„ã‚¹ãƒãƒ¼ãƒ„ã§ã™ã€‚","/images/shinkan80/s80_takkyuu.webp","","","","","","","",""
"s80-2e","shinkan80","f2","shinkan80","å‚™å“è²¸ã—å‡ºã—","","","","","","","","","","",""
"s80-2f-front","shinkan80","f2","shinkan80","å¥³å­ç¡¬å¼ãƒ†ãƒ‹ã‚¹éƒ¨","","","","","","","","","","",""
"s80-2f-back","shinkan80","f2","shinkan80","èŒ¶é“éƒ¨","","ã”å…¥å­¦ãŠã‚ã§ã¨ã†ã”ã–ã„ã¾ã™(â â—â â€¢â á´—â â€¢â â—â )/nèŒ¶é“éƒ¨ã¯æ¯é€±é‡‘æ›œæ—¥ã«å’Œå®¤ã§æ¥½ã—ãæ´»å‹•ã—ã¦ã„ã¾ã™ã€‚æ°—è»½ã«éŠã³ã«æ¥ã¦ãã ã•ã„ï¼","/images/shinkan80/s80_sadou.webp","","","","","","","",""
"s80-2g-front","shinkan80","f2","shinkan80","ç”·å­ãƒãƒ³ãƒ‰ãƒœãƒ¼ãƒ«éƒ¨","","ãƒãƒ³ãƒ‰ãƒœãƒ¼ãƒ«éƒ¨ã‚„ç«¶æŠ€ã®é­…åŠ›ã‚’æ˜ åƒã‚’äº¤ãˆã¦ç´¹ä»‹ã—ã¾ã™ï¼ãƒãƒ³ãƒ‰ãƒœãƒ¼ãƒ«ã‚’ã‚„ã£ãŸã“ã¨ãŒã‚ã‚‹äººã‚‚ã‚„ã£ãŸã“ã¨ãŒãªã„äººã‚‚ãœã²è¦‹ã«ãã¦ãã ã•ã„ï¼","/images/shinkan80/s80_dannsihandoboru.webp","","","","","","","",""
"s80-2g-back","shinkan80","f2","shinkan80","æ¼”åŠ‡éƒ¨","","","","","","","","","","",""
"s80-2h-front","shinkan80","f2","shinkan80","ç”·å­ãƒã‚¹ã‚±ãƒƒãƒˆãƒœãƒ¼ãƒ«éƒ¨","","","/images/shinkan80/s80_dannsibasukettoboru.webp","","","","","","","",""
"s80-2h-back","shinkan80","f2","shinkan80","æ–‡èŠ¸éƒ¨","","æ–‡èŠ¸éƒ¨ã§ã™ï¼æ™®æ®µã¯éƒ¨å®¤ãªã©ã§æ§˜å°èª¬ã‚„è©©ã‚’æ›¸ã„ã¦ãŠã‚Šã€æ™‚ã«ã¯å¤–éƒ¨ã«ä¾é ¼ã—ã€æœ¬æ ¼çš„ãªéƒ¨èªŒã‚’å‡ºç‰ˆã—ã¦ã„ã¾ã™ã€‚å›£ä½“ç™ºè¡¨ã¯2Hã«ã¦ï¼","/images/shinkan80/s80_bunngei.webp","","","","","","","",""
"s80-3a-front","shinkan80","f3","shinkan80","ãƒ„ãƒ§ãƒƒã‚«ãƒ¼ã€‚ç‰¹æ’®ç ”ç©¶ä¼š","","æ˜ åƒãƒ»ã‚¢ã‚¯ã‚·ãƒ§ãƒ³ã‚·ãƒ§ãƒ¼ãƒ»éƒ¨èªŒã€‚ç‰¹æ’®å¥½ãã‚’ã¯ã˜ã‚ã€èŠå±…ã‚„ã‚¢ã‚¯ã‚·ãƒ§ãƒ³ã€è„šæœ¬ã‚„å‹•ç”»ç·¨é›†ãŒå¥½ããªæ–¹ã‚‚ãŠå¾…ã¡ã—ã¦ã„ã¾ã™ã€‚","/images/shinkan80/s80_tokusatu.webp","","","","","","","",""
"s80-3a-back","shinkan80","f3","shinkan80","è¥¿è«–ä¼š","","ä¸»ã«æ–‡ç³»ã‚ˆã‚Šã®ãŠè©±ã—ã¨è¥¿é«˜ã®ãŠè©±ã—ã‚’ã—ã¦ã„ã¾ã™","/images/shinkan80/s80_seironn.webp","","","","","","","",""
"s80-3b-front","shinkan80","f3","shinkan80","ã‚½ãƒ•ãƒˆãƒ†ãƒ‹ã‚¹éƒ¨","","å›£ä½“ç™ºè¡¨ã§ã¯ã€ã‚½ãƒ•ãƒ†ãƒ‹éƒ¨ç‰¹æœ‰ã®é­…åŠ›ã‚’ç†±ãèªã‚Šã¾ã™ï¼è³ªå•ã‚‚å¾…ã£ã¦ã¾ã™ï¼/nã‚½ãƒ•ãƒ†ãƒ‹ã®è™œã«ãªã£ã¡ã‚ƒãˆã€œã€œï¼","/images/shinkan80/s80_sohutotenisu.webp","","","","","","","",""
"s80-3b-back","shinkan80","f3","shinkan80","ãƒ‡ã‚£ãƒ™ãƒ¼ãƒˆéƒ¨","","ç«¶æŠ€ãƒ‡ã‚£ãƒ™ãƒ¼ãƒˆã¯çš†ã•ã‚“ã®æƒ³åƒã¨ã¯ä¸€å‘³é•ã†ã‹ã‚‚ã€‚ãœã²éŠã³ã«æ¥ã¦ãã ã•ã„","/images/shinkan80/s80_deibeto.webp","","","","","","","",""
"s80-3c-front","shinkan80","f3","shinkan80","ãƒ€ãƒ³ã‚¹éƒ¨","","","","","","","","","","",""
"s80-3c-back","shinkan80","f3","shinkan80","é™¸ä¸Šç«¶æŠ€éƒ¨","","äººã¯ãªãœé™¸ä¸Šã‚’ã™ã‚‹ã®ã‹ã€‚ã“ã®ä¸–ã®çœŸç†ã¯ä½•ã‹â€¦é¸æ‰‹ã¨ã—ã¦ã€çœŸç†ã®æ¢ç©¶è€…ã¨ã—ã¦ä»Šæ—¥ã‚‚é™¸ä¸Šéƒ¨ã¯èµ°ã‚‹ã€‚","/images/shinkan80/s80_rikujoukyougi.webp","","","","","","","",""
"s80-3d-front","shinkan80","f3","shinkan80","å¥³å­ãƒãƒ¬ãƒ¼ãƒœãƒ¼ãƒ«éƒ¨","","å¥³å­ãƒãƒ¬ãƒ¼ãƒœãƒ¼ãƒ«éƒ¨ã§ã™ï¼é€±ã«4æ—¥ã»ã©ä»²è‰¯ãæ´»å‹•ã‚’ã—ã¦ã„ã¾ã™ã€‚åˆå¿ƒè€…ã§ã‚‚çµŒé¨“è€…ã§ã‚‚ãŠå¾…ã¡ã—ã¦ã„ã¾ã™ï¼","/images/shinkan80/s80_josibareboru.webp","","","","","","","",""
"s80-3d-back","shinkan80","f3","shinkan80","ç”·å­ãƒãƒ¬ãƒ¼ãƒœãƒ¼ãƒ«éƒ¨","","","","","","","","","","",""
"s80-3e-front","shinkan80","f3","shinkan80","504","","ãƒ—ãƒ­ã‚°ãƒ©ãƒŸãƒ³ã‚°ã‚µãƒ¼ã‚¯ãƒ«ã§ã™ã€‚å°‘ã—ã§ã‚‚èˆˆå‘³ã‚’ã‚‚ã£ãŸæ–¹ã¯ã€ã”æ°—è»½ã«ã©ã†ãã€‚","/images/shinkan80/s80_504.webp","","","","","","","",""
"s80-3e-back","shinkan80","f3","shinkan80","ã‹ã‚‹ãŸéƒ¨","","å›£ä½“ç™ºè¡¨ã¯3Eå¾Œæ–¹ï¼æœ­ã‚’å¥½ããªã ã‘æ‰•ã£ã¦ã‚¹ãƒˆãƒ¬ã‚¹ç™ºæ•£ï¼†ã‚²ãƒ¼ãƒ ä½“é¨“â™ªæ™®æ®µã¯ä¿å¥å®¤ã®å¥¥ã€å’Œå®¤ã§æ´»å‹•ä¸­ï¼","/images/shinkan80/s80_karuta.webp","","","","","","","",""
"s80-3f","shinkan80","f3","shinkan80","ã‚¢ãƒ¡ãƒªã‚«ãƒ³ãƒ•ãƒƒãƒˆãƒœãƒ¼ãƒ«éƒ¨","","ã‚¢ãƒ¡ãƒ•ãƒˆã¯ã€ã„ã‚ã‚“ãªäººãŸã¡ã®ã€Œå€‹æ€§ã€ãŒæ´»ãã‚‹ã‚¹ãƒãƒ¼ãƒ„ã§ã™ï¼ã‚ãªãŸã®å€‹æ€§ã‚’ã‚¢ãƒ¡ãƒ•ãƒˆã§è¼ã‹ã›ã¦ã¿ã¾ã›ã‚“ã‹ï¼Ÿ","/images/shinkan80/s80_amerikannhuttoboru.webp","","","","","","","",""
"s80-3g-front","shinkan80","f3","shinkan80","å¥³å­ãƒã‚¹ã‚±ãƒƒãƒˆãƒœãƒ¼ãƒ«éƒ¨","","å…¥ã‚‹ã—ã‹ãªã„ã£ï¼ï¼/nå¥³ãƒã‚¹ã§è¥¿æ˜¥ã—ã‚ˆãƒ¼ï¼/nèª°ã§ã‚‚å¤§æ­“è¿ğŸ€/nãƒãƒã‚‚ãã¦ã­ï¼/nå¾…ã£ã¦ã¾ã™ï¼","/images/shinkan80/s80_josibasukettoboru.webp","","","","","","","",""
"s80-3g-back","shinkan80","f3","shinkan80","æ•°å­¦ç ”ç©¶åŒå¥½ä¼š","","æ•°å­¦ã‚²ãƒ¼ãƒ ã‚„ç”Ÿå¾’åŒå£«ã§è¡Œã†æˆæ¥­ã€æ•°å­¦ã®å•é¡Œã‚’ä½¿ã£ãŸã‚¤ãƒ™ãƒ³ãƒˆãªã©ã€æ•°å­¦ã«é–¢ã‚ã‚‹ã•ã¾ã–ã¾ãªæ´»å‹•ã‚’è¡Œã£ã¦ã„ã‚‹å›£ä½“ã§ã™ã€‚","/images/shinkan80/s80_suukenn.webp","","","","","","","",""
"s80-3h-front","shinkan80","f3","shinkan80","ã‚µãƒƒã‚«ãƒ¼éƒ¨","","ã‚µãƒƒã‚«ãƒ¼éƒ¨/nã‚»ãƒ³ãƒ‘ã‚¤ãŒå„ªã—ã™ãã‚‹éƒ¨æ´»/néƒ¨æ´»ã®é›°å›²æ°—ã‚„ç·´ç¿’å†…å®¹ãªã©ã‚’ç´¹ä»‹ã—ã¾ã™ã€‚ä¸€ç·’ã«ã‚µãƒƒã‚«ãƒ¼æ¥½ã—ã‚‚ã†ï¼ï¼","/images/shinkan80/s80_sakka.webp","","","","","","","",""
"s80-3h-back","shinkan80","f3","shinkan80","ãƒãƒ‰ãƒŸãƒ³ãƒˆãƒ³éƒ¨","","å›£ä½“ç™ºè¡¨ã§ã¯æ™®æ®µã®æ´»å‹•ã®ç´¹ä»‹ã€ä»®å…¥éƒ¨ã®èª¬æ˜ã€è³ªå•ã‚³ãƒ¼ãƒŠãƒ¼ãªã©ã‚’è¡Œã„ã¾ã™ã€‚/nã‚¤ãƒ³ã‚¹ã‚¿ã‚°ãƒ©ãƒ ã§ã¯è³ªå•ç®±ã§è³ªå•å—ä»˜ä¸­ï¼ã‚ªãƒ¼ãƒ—ãƒ³ãƒãƒ£ãƒƒãƒˆã§ã‚‚ä»®å…¥éƒ¨ã®æƒ…å ±ã‚’æµã—ã¦ã¾ã™ã€‚","/images/shinkan80/s80_badominton.webp","","","","","","","",""
"s80-social1-front","shinkan80","f2","shinkan80","ãƒã‚±ãƒ¢ãƒ³ç ”ç©¶ã‚µãƒ¼ã‚¯ãƒ«","","","","","","","","","","",""
"s80-social1-back","shinkan80","f2","shinkan80","å¥³å­ãƒãƒ³ãƒ‰ãƒœãƒ¼ãƒ«éƒ¨","","æœˆç«æ°´é‡‘åœŸï¼ˆæ—¥ï¼‰ã®æ´»å‹•ã§ã™ï¼å­¦å¹´é–¢ä¿‚ãªãä»²è‰¯ãã€ãã—ã¦é«˜ã¿ã‚’ç›®æŒ‡ã—ã¦ç·´ç¿’ã«åŠ±ã‚“ã§ã„ã¾ã™ï¼åˆå¿ƒè€…ã§ã‚‚å¤§æ­“è¿ã§ã™ï¼/nè¥¿æ˜¥ã™ã‚‹ãªã‚‰å¥³ãƒãƒ³ã§ã—ã‚‡ï¼ï¼","","","","","","","","",""
"s80-social2","shinkan80","f2","shinkan80","ä½“æ“éƒ¨","","é€±ã«ï¼”å›å„è‡ªã®ãƒšãƒ¼ã‚¹ã§æ¥½ã—ãç›®æ¨™ã«å‘ã‹ã£ã¦ã‚¢ãƒƒãƒˆãƒ›ãƒ¼ãƒ ã§æš–ã‹ã„é›°å›²æ°—ã®ä¸­æ´»å‹•ã—ã¦ã„ã¾ã™ï¼","/images/shinkan80/s80_taisou.webp","","","","","","","",""
"s80-special1","shinkan80","f3","shinkan80","å¹å¥æ¥½éƒ¨","","14:20ã€14:35ã€14:50ã€15:05ã‹ã‚‰ã®4å›ã€1æ›²æ¼”å¥ã—ã¾ã™â™©é€”ä¸­å‚åŠ okï¼è³ªå•ã‚‚å¸¸æ™‚å—ä»˜ä¸­ï¼å¾…ã£ã¦ã¾ã™ã€œ","/images/shinkan80/s80_suisougaku.webp","","","","","","","",""
"s80-special2","shinkan80","f2","shinkan80","ã‚±ãƒ«ãƒˆéŸ³æ¥½ç ”ç©¶ã‚µãƒ¼ã‚¯ãƒ«","","ç´¹ä»‹å‹•ç”»ã€æ˜¨å¹´ã®ã‚¯ãƒªã‚¹ãƒã‚¹ã‚³ãƒ³ã‚µãƒ¼ãƒˆã®éŒ²éŸ³ã‚’æµã—ã¾ã™ï¼é‹ãŒè‰¯ã‘ã‚Œã°79æœŸã®äººãŸã¡ã®æ¼”å¥ãŒè´ã‘ã¡ã‚ƒã†ã‹ã‚‚ï¼ï¼Ÿ","/images/shinkan80/s80_kerutoongaku.webp","","","","","","","",""
"s80-career","shinkan80","f3","shinkan80","ã¤ã‚‹ã°ã¿åŒå¥½ä¼š","","ã„ã£ã—ã‚‡ã«ã¤ã‚‹ã‚“ã§ã°ã‚“ã©ã¿ã‚…ãƒ¼ã˜ã£ãï¼","/images/shinkan80/s80_turubami.webp","","","","","","","",""
"s80-audiovisual","shinkan80","f2","shinkan80","è»½éŸ³æ¥½åŒå¥½ä¼š","","è»½éŸ³æ¥½åŒå¥½ä¼š/nWelcome Liveé–‹å‚¬ä¸­â—ï¸/n14:25ã€œã€14:35ã€œã€/n14:45ã€œã€14:55ã€œã€å…¨4å›/nWelcomeï¼","/images/shinkan80/s80_keionn.webp","","","","","","","",""
"s80-music","shinkan80","f3","shinkan80","ç®¡å¼¦å­¦éƒ¨","","","","","","","","","","",""
"s80-biology","shinkan80","f3","shinkan80","ç”Ÿç‰©éƒ¨","","æ°—è»½ã«ãŠè¶Šã—ãã ã•ã„","/images/shinkan80/s80_seibutu.webp","","","","","","","",""
"s80-physics","shinkan80","f3","shinkan80","ç‰©ç†éƒ¨","","å®Ÿé¨“ã‚„ç ”ç©¶ã€ç”Ÿå¾’åŒå£«ã§è¡Œã†æˆæ¥­ãªã©ç‰©ç†ã«é–¢ã‚ã‚‹ã•ã¾ã–ã¾ãªã“ã¨ã‚’æ¥½ã—ããƒ¯ã‚¤ãƒ¯ã‚¤ã—ãªãŒã‚‰ã‚„ã‚‹å›£ä½“ã§ã™ã€‚","/images/shinkan80/s80_buturi.webp","","","","","","","",""
"s80-chemistry-le","shinkan80","f3","shinkan80","ã‚¯ã‚¤ã‚ºç ”ç©¶ã‚µãƒ¼ã‚¯ãƒ«","","ã‚¯ã‚¤ã‚ºã‚’ã—ã¾ã™ã€‚å¥¥ãŒæ·±ã„ã§ã™ã€‚éƒ¨å“¡ç´„50äººã€‚ä¸å®šæœŸã§éƒ¨å†…æ¯ã‚„ä»–æ ¡ã¨äº¤æµä¼šã‚’è¡Œã„ã¾ã™ã€‚å†·æš–æˆ¿å®Œå‚™ã€‚","","","","","","","","",""
"s80-chemistry-ex","shinkan80","f3","shinkan80","åŒ–å­¦éƒ¨","","4/10 14:10-15:20ã«è‰²ã‚“ãªå®Ÿé¨“ã®æ¼”ç¤ºã‚’è¡Œã„ã¾ã™ï¼/nåŒ–å­¦ã«èˆˆå‘³ãŒã‚ã‚‹äººã‚‚ç„¡ã„äººã‚‚ãœã³è¦—ã„ã¦ã¿ã¦ãã ã•ã„ï¼","/images/shinkan80/s80_kagaku.webp","","","","","","","",""
"s80-meeting","shinkan80","f2","shinkan80","é‡çƒéƒ¨","","é‡çƒéƒ¨ã¯ä¼šè­°å®¤ã«ã¦1å¹´ã®æµã‚Œã‚„æ™®æ®µã®æ´»å‹•ã«ã¤ã„ã¦èª¬æ˜ã—ã¾ã™ã€‚ä½“é¨“æ´»å‹•ã‚‚ç”¨æ„ã—ã¦ã„ã‚‹ã®ã§å¥®ã£ã¦ã”å‚åŠ ãã ã•ã„ï¼","/images/shinkan80/s80_yakyuu.webp","","","","","","","",""
"s80-broadcast","shinkan80","f2","shinkan80","æ”¾é€éƒ¨","","","","","","","","","","",""
"s80-art","shinkan80","f2","shinkan80","ã‚¤ãƒ©ã‚¹ãƒˆç ”ç©¶éƒ¨","","ï½¥ãƒ•ãƒªãƒ¼ã‚¹ãƒšãƒ¼ã‚¹ã«ã¦å…ˆè¼©ã¨é›‘è«‡ã—ãªãŒã‚‰ã‚¤ãƒ©ã‚¹ãƒˆãŒæã‘ã¾ã™ï¼/nï½¥æ–°æ­“å·ãã®ä»–éå»ã®éƒ¨èªŒã®å±•ç¤ºï½¥é…å¸ƒã‚’è¡Œã£ã¦ã¾ã™ï¼","/images/shinkan80/s80_irasuto.webp","","","","","","","",""
"s80-hallway-1","shinkan80","f2","shinkan80","ESS","","ESSã§ã¯æœˆã«1å›ã€è‹±èªã‚’ä½¿ã£ã¦è©±ã—ãŸã‚Šã€ãƒŸãƒ‹ã‚²ãƒ¼ãƒ ã‚’ã—ãŸã‚Šã€æ¥½ã—ãæ´»å‹•ã—ã¦ã„ã¾ã™ï¼è‹±èªãŸãã•ã‚“è©±ã—ãŸã„ã£ã¦ã„ã†äººã‚‚ã€è‹±èªè‹¦æ‰‹ã ãªã£ã¦ã„ã†äººã‚‚èª°ã§ã‚‚å¤§æ­“è¿ã§ã™ğŸ™ŒğŸ»å…¼éƒ¨ç‡ã‚‚ã»ã¼100ãƒ‘ãƒ¼ï¼æ°—è»½ã«æ¥ã‚Œã‚‹ã‚µãƒ¼ã‚¯ãƒ«ã§ã™â™ª","","","","","","","","",""
"s80-hallway-2","shinkan80","f2","shinkan80","æ–°èéƒ¨","","æ¸¡ã‚Šå»Šä¸‹ã§ç°¡å˜ãªèª¬æ˜ã¨å­¦æ ¡æ–°èã€Œå­¸è‹‘ã€ã®ç™ºè¡Œã‚’ã—ã¦ã„ã¾ã™ï¼å›ã‚‚ã¶ã‚“ã¶ã«å…¥ã£ã¦å¥½ããªã‚ˆã†ã«æ›¸ã“ã†ï¼","/images/shinkan80/s80_sinnbunn.webp","","","","","","","",""
"s80-hallway-3","shinkan80","f2","shinkan80","åœ’èŠ¸éƒ¨","","ãŠèŠ±ã‚„é‡èœã‚’è‚²ã¦ã¦ã¾ã™ã€‚å…¼éƒ¨ã‚‚å¯èƒ½ã§ã™ã€‚ãœã²æ¥ã¦ãã ã•ã„ã€‚","/images/shinkan80/s80_enngei.webp","","","","","","","",""
"s80-hallway-4","shinkan80","f2","shinkan80","ãƒœã‚«ãƒ­ã‚µãƒ¼ã‚¯ãƒ«","","ã‚¯ã‚¤ã‚ºã‚¤ãƒ™ãƒ³ãƒˆã‚’é–‹å‚¬ã—ãŸã‚Šã€ãŠã§ã‹ã‘ã—ãŸã‚Šã€é›‘è«‡ã—ãŸã‚Šãªã©ãƒœã‚«ãƒ­ã«é–¢ã‚ã‚‹ã•ã¾ã–ã¾ãªã“ã¨ã‚’ã‚†ã‚‹ãƒ¼ãã‚„ã‚‹å›£ä½“ã§ã™ã€‚","/images/shinkan80/s80_bokaro.webp","","","","","","","",""
"k79-cSFc","kinensai79","f1","kinensai79","1A","[1A]","[è¨˜å¿µç¥­HP å›£ä½“ç´¹ä»‹](https://kinensai79.nishi-h.net/groups)/n**1Aã€è£åˆ‡ã‚Šã®è¡—ã‹ã‚‰ã€**/nç›¸æ£’ã¨å…±ã«å…¨ã¦ã‚’å¤±ã„ã‚¹ãƒ©ãƒ è¡—ã«å •ã¡ãŸã‚ãªãŸã€‚ã‚ã‚‹æ—¥ç›¸æ£’ãŒã‚®ãƒ£ãƒ³ãƒ–ãƒ«ã«æˆåŠŸã—ã€1äººå–ã‚Šæ®‹ã•ã‚Œã¦ã—ã¾ã£ãŸã€‚æœ€å¾Œã®è³­ã‘ã¯å‘½ã‚’è³­ã‘ãŸã‚®ãƒ£ãƒ³ãƒ–ãƒ«ã€‚äººç”Ÿé€†è»¢ã®æˆ¦ã„ã«æŒ‘ã‚ã€‚","https://kinensai79.nishi-h.net/groups_images/1A.png","","","","","","","",""
"k79-APTZ","kinensai79","f1","kinensai79","1B","[1B]","[è¨˜å¿µç¥­HP å›£ä½“ç´¹ä»‹](https://kinensai79.nishi-h.net/groups)/n**1Bã€è¥¿é«˜åˆæ ¼ã‚·ãƒŸãƒ¥ãƒ¬ãƒ¼ã‚·ãƒ§ãƒ³ã€**/n1Bã«æ¥ã‚Œã°ç¢ºå®Ÿã«ä¼¸ã³ã‚‹ã€‚åœ§å€’çš„ã§é©æ–°çš„ãªå®Ÿæ¼”å½¢å¼ã§ã€ã‚ãªãŸã‚’åŠ‡çš„ã«åˆæ ¼ã¸è¿‘ã¥ã‘ã¾ã™ã€‚è¥¿é«˜åˆæ ¼ã‚·ãƒŸãƒ¥ãƒ¬ãƒ¼ã‚·ãƒ§ãƒ³ã§ã‚ãªãŸã‚‚æœ€é«˜ã®è¥¿é«˜ç”Ÿã«ï¼ï¼","https://kinensai79.nishi-h.net/groups_images/1B.png","","","","","","","",""
"k79-016B","kinensai79","f1","kinensai79","1C","[1C]","[è¨˜å¿µç¥­HP å›£ä½“ç´¹ä»‹](https://kinensai79.nishi-h.net/groups)/n**1Cã€è¥¿é¤¨ã®äº¡éœŠã€**/nWESTé«˜æ ¡ã§çªå¦‚èµ·ã“ã£ãŸæ®ºäººäº‹ä»¶ã€‚ç¾å ´ã¯å¯†å®¤ã§ã€å¤–éƒ¨ã‹ã‚‰ã®ä¾µå…¥ã¯ä¸å¯èƒ½ã€‚æœãŸã—ã¦ã“ã‚Œã¯ã€äº¡éœŠã®ä»•æ¥­ãªã®ã ã‚ã†ã‹ï½¤ï½¤ã€è¥¿é«˜ç”Ÿæ¸¾èº«ã®ã‚ªãƒªã‚¸ãƒŠãƒ«åŠ‡ã‚’ãŠæ¥½ã—ã¿ã‚ã‚Œã€‚","https://kinensai79.nishi-h.net/groups_images/1C.png","","","","","","","",""
"k79-zaYw","kinensai79","f1","kinensai79","1D","[1D]","[è¨˜å¿µç¥­HP å›£ä½“ç´¹ä»‹](https://kinensai79.nishi-h.net/groups)/n**1Dã€BACK TO NISHIã€**/nå®šæœŸãƒ†ã‚¹ãƒˆç›´å‰ã€è¥¿é«˜ç”ŸãŒæˆ¦å›½æ™‚ä»£ã«ã‚¿ã‚¤ãƒ ã‚¹ãƒªãƒƒãƒ—ï¼ä¿¡é•·ã«æœªæ¥ã‚’èªã‚Šã€æ­´å²ãŒå¤‰ã‚ã£ã¡ã‚ƒã£ãŸ??","https://kinensai79.nishi-h.net/groups_images/1D.png","","","","","","","",""
"k79-yxzm","kinensai79","f1","kinensai79","1E","[1E]","[è¨˜å¿µç¥­HP å›£ä½“ç´¹ä»‹](https://kinensai79.nishi-h.net/groups)/n**1Eã€ã€Œã“ã®å‹•ç”»ã€ãªã«ã‹ãŒãŠã‹ã—ã„ã€ã€**/nä¸–ç•Œã«ã¯ã€ã„ã‚ã‚“ãªå¥´""ãŒã„ã‚‹ã€‚ãã‚“ãª""å¥´""ã‚‰ã‚’è¦‹ã¦ä½•ã‹æ°—ã¥ãã“ã¨ã¯ãªã„ã ã‚ã†ã‹?æ–°æ„Ÿè¦šã‚¢ãƒä½“é¨“ãŒã‚ãªãŸã‚’æ¥½ã—ã¾ã›ã‚‹ã€‚""","https://kinensai79.nishi-h.net/groups_images/1E.png","","","","","","","",""
"k79-OuGw","kinensai79","f1","kinensai79","1F","[1F]","[è¨˜å¿µç¥­HP å›£ä½“ç´¹ä»‹](https://kinensai79.nishi-h.net/groups)/n**1Fã€ã¯ãŸã‚‰ãäººç‹¼ã€**/näººç‹¼ã¯äººé–“ã‚’è¥²ã†ãŸã‚ã€å¤œã®å¸³ãŒä¸‹ã‚ŠãŸæ‘ã§ä»Šæ—¥ã‚‚ã¯ãŸã‚‰ãâ”€â”€â”€ æ‘äººãŸã¡ã¯ä»²é–“ã‚’å–ã‚Šæˆ»ã™ã“ã¨ãŒã§ãã‚‹ã®ã‹â€¦ã€‚ãã—ã¦äººç‹¼ã¯ä»Šæ—¥ã‚‚ç„¡äº‹ã«ä»•äº‹ã‚’çµ‚ãˆã‚‰ã‚Œã‚‹ã®ã‹â€¦ã€‚","https://kinensai79.nishi-h.net/groups_images/1F.png","","","","","","","",""
"k79-8jSx","kinensai79","f1","kinensai79","1G","[1G]","[è¨˜å¿µç¥­HP å›£ä½“ç´¹ä»‹](https://kinensai79.nishi-h.net/groups)/n**1Gã€è»¢ç”Ÿã—ãŸã‚‰ãƒ­ãƒŸã‚¸ãƒ¥ãƒªã ã£ãŸä»¶ã€‚ã€**/nä¿ºã¯éœ²å¼¥å¤«ã€æ™®é€šã®è¥¿é«˜ç”Ÿã€‚å½¼å¥³ã®æ¨¹é‡Œã¨ã„ã¡ã‚ƒã¤ã„ã¦ã„ãŸã‚‰ã€2äººã§æ„›ã®æ³‰ã«è½ã¡ã¦_____ãƒ­ãƒŸã‚¸ãƒ¥ãƒªã®ä¸–ç•Œã«è»¢ç”Ÿï¼ï¼Ÿçµ¶å¯¾å…ƒã®ä¸–ç•Œã«æˆ»ã£ã¦ã€èª²é¡Œã‚’æå‡ºã—ã¦ã¿ã›ã‚‹ï¼ï¼","https://kinensai79.nishi-h.net/groups_images/1G.png","","","","","","","",""
"k79-8taK","kinensai79","f1","kinensai79","1H","[1H]","[è¨˜å¿µç¥­HP å›£ä½“ç´¹ä»‹](https://kinensai79.nishi-h.net/groups)/n**1Hã€Centåƒå°‹ã®é‡‘éš ã—ã€**/nâ€ãƒˆãƒ³ãƒãƒ«ã®ã‚€ã“ã†ã¯ã€ä¸æ€è­°ãªéŠæŠ€å ´ã§ã—ãŸã€‚â€â€ã‚ã®ã‚­ãƒ£ãƒ©ã‚¯ã‚¿ãƒ¼â€â€ã¨éŠã¶ã®ã¯ã€ãƒˆãƒ©ãƒ³ãƒ—ï¼Ÿãƒ«ãƒ¼ãƒ¬ãƒƒãƒˆï¼Ÿãã‚Œã¨ã‚‚äººé–“ç«¶é¦¬ï¼Ÿå¥ªã‚ã‚ŒãŸåå‰ã‚’å–ã‚Šè¿”ã™ã«ã¯ã€ã‚²ãƒ¼ãƒ ã§å‹ã¤ã—ã‹ãªã„ã€‚ï¼ï¼ï¼ã€Œã“ã“ã§è³­ã‘ã•ã›ã¦ãã ã•ã„ï¼ã€â€","https://kinensai79.nishi-h.net/groups_images/1H.png","","","","","","","",""
"k79-l9Wo","kinensai79","f1","kinensai79","åœ’èŠ¸éƒ¨","[åœ’èŠ¸éƒ¨]","[è¨˜å¿µç¥­HP å›£ä½“ç´¹ä»‹](https://kinensai79.nishi-h.net/groups)/n**åœ’èŠ¸éƒ¨ã€ä¸­åº­ã¨ã‹ã‚ã£ã£ã£ã¡ã‚ƒç«‹åœ°ã‚ˆãã­??!!ã€**/nã¡ã‚‡ã£ã¨ã€æ¥ã‚‹ã®é…ã„ã‚ˆï¼å¾…ã£ã¦ãŸã‚“ã ã‚ˆï¼Ÿâ€¦ã§ã‚‚ã€æ¥ã¦ãã‚ŒãŸã‚‰ã€ãŠèŠ±ã¡ã‚‡ã£ã¨ã ã‘è¦‹ã›ã¦ã‚ã’ã‚‹","https://kinensai79.nishi-h.net/groups_images/åœ’èŠ¸éƒ¨.png","","","","","","","",""
"k79-9aAm","kinensai79","f1","kinensai79","è¯é“éƒ¨","[è¯é“éƒ¨]","[è¨˜å¿µç¥­HP å›£ä½“ç´¹ä»‹](https://kinensai79.nishi-h.net/groups)/n**è¯é“éƒ¨ã€è¦‹ã›ã°ã‚„ãª ä¸€éšè¯é“éƒ¨ è¢«æœå®¤ å’²ãã«ãå’²ãã— è‰²ã¯ã‹ã¯ã‚‰ãšã€**/nå…±åŒã€å€‹äººä½œå“ã‚’å±•ç¤ºã—ã¦ã„ã¾ã™ã€‚è¯é“éƒ¨ã¯æœˆ3å›ç¨‹åº¦ã€æ´»å‹•ã‚’ã—ã¦ã„ã¾ã™ã€‚è‰æœˆæµã„ã‘ã°ãªã®è¬›å¸«ã®å…ˆç”Ÿã‚’ãŠæ‹›ãã—ã¦æ•™ãˆã¦ã„ãŸã ã„ã¦ã„ã¾ã™ã€‚ãœã²è¢«æœå®¤ã«ãŠè¶Šã—ãã ã•ã„ã€‚","https://kinensai79.nishi-h.net/groups_images/è¯é“éƒ¨.png","","","","","","","",""
"k79-bu9I","kinensai79","f1","kinensai79","èŒ¶é“éƒ¨","[èŒ¶é“éƒ¨]","[è¨˜å¿µç¥­HP å›£ä½“ç´¹ä»‹](https://kinensai79.nishi-h.net/groups)/n**èŒ¶é“éƒ¨ã€ãŠèŒ¶ä¼šæ—¥å’Œã€**/nèŒ¶é“éƒ¨ã§ã¯ã€å’Œè“å­ã¨ãŠè–„ã‚’ãŠæ¥½ã—ã¿ã„ãŸã ã‘ã‚‹ãŠèŒ¶å¸­ã‚’è¨­ã‘ã¦ã„ã¾ã™ï¼ãŠèŒ¶ã‚’é€šã—ã¦ã€Œå’Œã€ã«è§¦ã‚Œã¦ã¿ã¾ã›ã‚“ã‹ï¼Ÿâ€»å’Œå®¤å‰ã§ã®å½“æ—¥äºˆç´„åˆ¶ã§ã™ã€‚ãŠæ—©ã‚ã«ãŠè¶Šã—ãã ã•ã„ã€‚","https://kinensai79.nishi-h.net/groups_images/èŒ¶é“éƒ¨.png","","","","","","","",""
"k79-Dr6u","kinensai79","f1","kinensai79","ç§˜å¯†çµç¤¾ãƒ™ãƒˆãƒªãƒŠ","[ç§˜å¯†çµç¤¾ãƒ™ãƒˆãƒªãƒŠ]","[è¨˜å¿µç¥­HP å›£ä½“ç´¹ä»‹](https://kinensai79.nishi-h.net/groups)/n**ç§˜å¯†çµç¤¾ãƒ™ãƒˆãƒªãƒŠã€ç„¡é§„ã€**/nç„¡é§„ã€‚","https://kinensai79.nishi-h.net/groups_images/ç§˜å¯†çµç¤¾ãƒ™ãƒˆãƒªãƒŠ.png","","","","","","","",""
"k79-fBiV","kinensai79","f1","kinensai79","è¥¿é«˜PTA","[è¥¿é«˜PTA]","[è¨˜å¿µç¥­HP å›£ä½“ç´¹ä»‹](https://kinensai79.nishi-h.net/groups)/n**è¥¿é«˜PTAã€ç§ãŸã¡ã¯è¥¿é«˜ç”Ÿã‚’å¿œæ´ã—ã¾ã™!ã€**/nåˆã®è¥¿é«˜ã‚°ãƒƒã‚ºã€è¥¿é«˜ã‚¿ã‚ªãƒ«ã€‘ã‚’è£½ä½œã—ã€å®Œå£²ã€‚ã©ã†ã‚„ã‚‰ç¬¬2å¼¾ã‚‚ã‚ã‚‹ã‚‰ã—ã„ã€‚ä¼šè­°ã ã‘ã˜ã‚ƒãªã„ãï¼è¥¿é«˜ã€è¥¿é«˜ç”Ÿã®å¿œæ´å›£ã€PTAã®æ´»å‹•ã‚’è¦‹ã¦ã€çŸ¥ã£ã¦ã€ã”å‚åŠ ä¸‹ã•ã„ï¼","https://kinensai79.nishi-h.net/groups_images/è¥¿é«˜PTA.png","","","","","","","",""
"k79-FHev","kinensai79","f1","kinensai79","æ–°èéƒ¨","[æ–°èéƒ¨]","[è¨˜å¿µç¥­HP å›£ä½“ç´¹ä»‹](https://kinensai79.nishi-h.net/groups)/n**æ–°èéƒ¨ã€è¨˜å¿µç¥­ç‰¹åˆ¥å·ã€**","","","","","","","","",""
"k79-3KbN","kinensai79","f1","kinensai79","Nishi Flyer","[Nishi Flyer]","**Nishi Flyerã®æ ¡åº­ã§ã®å…¬æ¼”ã¯9/14ã€15ã®ä¸¡æ—¥ã¨ã‚‚ä¸­æ­¢ã«ãªã‚Šã¾ã—ãŸã€‚**/n[è¨˜å¿µç¥­HP å›£ä½“ç´¹ä»‹](https://kinensai79.nishi-h.net/groups)/n**Nishi Flyerã€è¥¿ç©º 2025ã€**/nã€Œç©ºã‚’é£›ã¶ã€ã“ã‚Œã¯äººé¡ã®å¤§ããªå¤¢ã ã£ãŸã€‚ãƒ’ã‚³ãƒ¼ã‚­å¥½ãã®è¥¿é«˜ç”Ÿã«ã‚ˆã‚‹ç‰¹åˆ¥å±•ç¤ºã‚„ãƒšãƒƒãƒˆãƒœãƒˆãƒ«ãƒ­ã‚±ãƒƒãƒˆã®ç™ºå°„ã‚’äºˆå®šã—ã¦ã„ã¾ã™ã€‚çš†æ§˜ã®ã”æ­ä¹—ã‚’ãŠå¾…ã¡ã—ã¦ãŠã‚Šã¾ã™ã€‚","https://kinensai79.nishi-h.net/groups_images/NISHI FLYER.png","","","","","","","",""
"k79-food-1s","kinensai79","f1","kinensai79","ç„¼ããã°(æ™´ã‚Œ) [é£Ÿè²©]","[3å¹´æœ‰å¿—é£Ÿè²©]","[è¨˜å¿µç¥­HP é£Ÿé£¯](https://kinensai79.nishi-h.net/shop)/n**3å¹´æœ‰å¿—é£Ÿè²©ã€ãªã‚“ã¦ã“ã£ãŸãƒ‘ãƒ³ãƒŠã‚³ãƒƒã‚¿äº­(ï¼Šãƒ‘ãƒ³ãƒŠã‚³ãƒƒã‚¿ã¯ã‚ã‚Šã¾ã›ã‚“)ã€**/nã€Œä»Šå¹´ã®ãƒ†ãƒ¼ãƒã¯ã€Newestã€ã€‚ä»Šã¾ã§ã«ãªã„æ–¬æ–°ãªã‚‚ã®ã‚’ä½œã‚ã†ã€ã¨è¨€ã‚ã‚Œã¦è€ƒæ¡ˆã—ãŸæ¡ˆãŒå´ä¸‹ã•ã‚ŒãŸã€‚ã€Œå‰ä¾‹ãŒãªã„ã‹ã‚‰ãªã‚“ã¨ã‚‚è¨€ãˆã‚“ã€ï¼ˆã“ã®è©±ã¯ãƒ•ã‚£ã‚¯ã‚·ãƒ§ãƒ³ã§ã™ï¼‰","","","","","","","","",""
"k79-food-1r","kinensai79","f1","kinensai79","ç„¼ããã°(é›¨) [é£Ÿè²©]","[3å¹´æœ‰å¿—é£Ÿè²©]","[è¨˜å¿µç¥­HP é£Ÿé£¯](https://kinensai79.nishi-h.net/shop)/n**3å¹´æœ‰å¿—é£Ÿè²©ã€ãªã‚“ã¦ã“ã£ãŸãƒ‘ãƒ³ãƒŠã‚³ãƒƒã‚¿äº­(ï¼Šãƒ‘ãƒ³ãƒŠã‚³ãƒƒã‚¿ã¯ã‚ã‚Šã¾ã›ã‚“)ã€**/nã€Œä»Šå¹´ã®ãƒ†ãƒ¼ãƒã¯ã€Newestã€ã€‚ä»Šã¾ã§ã«ãªã„æ–¬æ–°ãªã‚‚ã®ã‚’ä½œã‚ã†ã€ã¨è¨€ã‚ã‚Œã¦è€ƒæ¡ˆã—ãŸæ¡ˆãŒå´ä¸‹ã•ã‚ŒãŸã€‚ã€Œå‰ä¾‹ãŒãªã„ã‹ã‚‰ãªã‚“ã¨ã‚‚è¨€ãˆã‚“ã€ï¼ˆã“ã®è©±ã¯ãƒ•ã‚£ã‚¯ã‚·ãƒ§ãƒ³ã§ã™ï¼‰","","","","","","","","",""
"k79-food-2s","kinensai79","f1","kinensai79","ãƒãƒ‚ãƒŸ(æ™´ã‚Œ) [é£Ÿè²©]","[3å¹´æœ‰å¿—é£Ÿè²©]","[è¨˜å¿µç¥­HP é£Ÿé£¯](https://kinensai79.nishi-h.net/shop)/n**3å¹´æœ‰å¿—é£Ÿè²©ã€ãªã‚“ã¦ã“ã£ãŸãƒ‘ãƒ³ãƒŠã‚³ãƒƒã‚¿äº­(ï¼Šãƒ‘ãƒ³ãƒŠã‚³ãƒƒã‚¿ã¯ã‚ã‚Šã¾ã›ã‚“)ã€**/nã€Œä»Šå¹´ã®ãƒ†ãƒ¼ãƒã¯ã€Newestã€ã€‚ä»Šã¾ã§ã«ãªã„æ–¬æ–°ãªã‚‚ã®ã‚’ä½œã‚ã†ã€ã¨è¨€ã‚ã‚Œã¦è€ƒæ¡ˆã—ãŸæ¡ˆãŒå´ä¸‹ã•ã‚ŒãŸã€‚ã€Œå‰ä¾‹ãŒãªã„ã‹ã‚‰ãªã‚“ã¨ã‚‚è¨€ãˆã‚“ã€ï¼ˆã“ã®è©±ã¯ãƒ•ã‚£ã‚¯ã‚·ãƒ§ãƒ³ã§ã™ï¼‰","","","","","","","","",""
"k79-food-2r","kinensai79","f1","kinensai79","ãƒãƒ‚ãƒŸ(é›¨) [é£Ÿè²©]","[3å¹´æœ‰å¿—é£Ÿè²©]","[è¨˜å¿µç¥­HP é£Ÿé£¯](https://kinensai79.nishi-h.net/shop)/n**3å¹´æœ‰å¿—é£Ÿè²©ã€ãªã‚“ã¦ã“ã£ãŸãƒ‘ãƒ³ãƒŠã‚³ãƒƒã‚¿äº­(ï¼Šãƒ‘ãƒ³ãƒŠã‚³ãƒƒã‚¿ã¯ã‚ã‚Šã¾ã›ã‚“)ã€**/nã€Œä»Šå¹´ã®ãƒ†ãƒ¼ãƒã¯ã€Newestã€ã€‚ä»Šã¾ã§ã«ãªã„æ–¬æ–°ãªã‚‚ã®ã‚’ä½œã‚ã†ã€ã¨è¨€ã‚ã‚Œã¦è€ƒæ¡ˆã—ãŸæ¡ˆãŒå´ä¸‹ã•ã‚ŒãŸã€‚ã€Œå‰ä¾‹ãŒãªã„ã‹ã‚‰ãªã‚“ã¨ã‚‚è¨€ãˆã‚“ã€ï¼ˆã“ã®è©±ã¯ãƒ•ã‚£ã‚¯ã‚·ãƒ§ãƒ³ã§ã™ï¼‰","","","","","","","","",""
"k79-food-3s","kinensai79","f1","kinensai79","ç„¼ãé³¥(æ™´ã‚Œ) [é£Ÿè²©]","[3å¹´æœ‰å¿—é£Ÿè²©]","[è¨˜å¿µç¥­HP é£Ÿé£¯](https://kinensai79.nishi-h.net/shop)/n**3å¹´æœ‰å¿—é£Ÿè²©ã€ãªã‚“ã¦ã“ã£ãŸãƒ‘ãƒ³ãƒŠã‚³ãƒƒã‚¿äº­(ï¼Šãƒ‘ãƒ³ãƒŠã‚³ãƒƒã‚¿ã¯ã‚ã‚Šã¾ã›ã‚“)ã€**/nã€Œä»Šå¹´ã®ãƒ†ãƒ¼ãƒã¯ã€Newestã€ã€‚ä»Šã¾ã§ã«ãªã„æ–¬æ–°ãªã‚‚ã®ã‚’ä½œã‚ã†ã€ã¨è¨€ã‚ã‚Œã¦è€ƒæ¡ˆã—ãŸæ¡ˆãŒå´ä¸‹ã•ã‚ŒãŸã€‚ã€Œå‰ä¾‹ãŒãªã„ã‹ã‚‰ãªã‚“ã¨ã‚‚è¨€ãˆã‚“ã€ï¼ˆã“ã®è©±ã¯ãƒ•ã‚£ã‚¯ã‚·ãƒ§ãƒ³ã§ã™ï¼‰","","","","","","","","",""
"k79-food-3r","kinensai79","f1","kinensai79","ç„¼ãé³¥(é›¨) [é£Ÿè²©]","[3å¹´æœ‰å¿—é£Ÿè²©]","[è¨˜å¿µç¥­HP é£Ÿé£¯](https://kinensai79.nishi-h.net/shop)/n**3å¹´æœ‰å¿—é£Ÿè²©ã€ãªã‚“ã¦ã“ã£ãŸãƒ‘ãƒ³ãƒŠã‚³ãƒƒã‚¿äº­(ï¼Šãƒ‘ãƒ³ãƒŠã‚³ãƒƒã‚¿ã¯ã‚ã‚Šã¾ã›ã‚“)ã€**/nã€Œä»Šå¹´ã®ãƒ†ãƒ¼ãƒã¯ã€Newestã€ã€‚ä»Šã¾ã§ã«ãªã„æ–¬æ–°ãªã‚‚ã®ã‚’ä½œã‚ã†ã€ã¨è¨€ã‚ã‚Œã¦è€ƒæ¡ˆã—ãŸæ¡ˆãŒå´ä¸‹ã•ã‚ŒãŸã€‚ã€Œå‰ä¾‹ãŒãªã„ã‹ã‚‰ãªã‚“ã¨ã‚‚è¨€ãˆã‚“ã€ï¼ˆã“ã®è©±ã¯ãƒ•ã‚£ã‚¯ã‚·ãƒ§ãƒ³ã§ã™ï¼‰","","","","","","","","",""
"k79-food-4s","kinensai79","f1","kinensai79","ã‚¢ã‚¤ã‚¹ãƒ»ãƒãƒ¥ãƒ­ã‚¹(æ™´ã‚Œ) [é£Ÿè²©]","[3å¹´æœ‰å¿—é£Ÿè²©]","[è¨˜å¿µç¥­HP é£Ÿé£¯](https://kinensai79.nishi-h.net/shop)/n**3å¹´æœ‰å¿—é£Ÿè²©ã€ãªã‚“ã¦ã“ã£ãŸãƒ‘ãƒ³ãƒŠã‚³ãƒƒã‚¿äº­(ï¼Šãƒ‘ãƒ³ãƒŠã‚³ãƒƒã‚¿ã¯ã‚ã‚Šã¾ã›ã‚“)ã€**/nã€Œä»Šå¹´ã®ãƒ†ãƒ¼ãƒã¯ã€Newestã€ã€‚ä»Šã¾ã§ã«ãªã„æ–¬æ–°ãªã‚‚ã®ã‚’ä½œã‚ã†ã€ã¨è¨€ã‚ã‚Œã¦è€ƒæ¡ˆã—ãŸæ¡ˆãŒå´ä¸‹ã•ã‚ŒãŸã€‚ã€Œå‰ä¾‹ãŒãªã„ã‹ã‚‰ãªã‚“ã¨ã‚‚è¨€ãˆã‚“ã€ï¼ˆã“ã®è©±ã¯ãƒ•ã‚£ã‚¯ã‚·ãƒ§ãƒ³ã§ã™ï¼‰","","","","","","","","",""
"k79-food-4r","kinensai79","f1","kinensai79","ã‚¢ã‚¤ã‚¹ãƒ»ãƒãƒ¥ãƒ­ã‚¹(é›¨) [é£Ÿè²©]","[3å¹´æœ‰å¿—é£Ÿè²©]","[è¨˜å¿µç¥­HP é£Ÿé£¯](https://kinensai79.nishi-h.net/shop)/n**3å¹´æœ‰å¿—é£Ÿè²©ã€ãªã‚“ã¦ã“ã£ãŸãƒ‘ãƒ³ãƒŠã‚³ãƒƒã‚¿äº­(ï¼Šãƒ‘ãƒ³ãƒŠã‚³ãƒƒã‚¿ã¯ã‚ã‚Šã¾ã›ã‚“)ã€**/nã€Œä»Šå¹´ã®ãƒ†ãƒ¼ãƒã¯ã€Newestã€ã€‚ä»Šã¾ã§ã«ãªã„æ–¬æ–°ãªã‚‚ã®ã‚’ä½œã‚ã†ã€ã¨è¨€ã‚ã‚Œã¦è€ƒæ¡ˆã—ãŸæ¡ˆãŒå´ä¸‹ã•ã‚ŒãŸã€‚ã€Œå‰ä¾‹ãŒãªã„ã‹ã‚‰ãªã‚“ã¨ã‚‚è¨€ãˆã‚“ã€ï¼ˆã“ã®è©±ã¯ãƒ•ã‚£ã‚¯ã‚·ãƒ§ãƒ³ã§ã™ï¼‰","","","","","","","","",""
"k79-food-5","kinensai79","f1","kinensai79","ãƒ‘ãƒ³ãƒ»é£²ã¿ç‰© [é£Ÿè²©]","[3å¹´æœ‰å¿—é£Ÿè²©]","[è¨˜å¿µç¥­HP é£Ÿé£¯](https://kinensai79.nishi-h.net/shop)/n**3å¹´æœ‰å¿—é£Ÿè²©ã€ãªã‚“ã¦ã“ã£ãŸãƒ‘ãƒ³ãƒŠã‚³ãƒƒã‚¿äº­(ï¼Šãƒ‘ãƒ³ãƒŠã‚³ãƒƒã‚¿ã¯ã‚ã‚Šã¾ã›ã‚“)ã€**/nã€Œä»Šå¹´ã®ãƒ†ãƒ¼ãƒã¯ã€Newestã€ã€‚ä»Šã¾ã§ã«ãªã„æ–¬æ–°ãªã‚‚ã®ã‚’ä½œã‚ã†ã€ã¨è¨€ã‚ã‚Œã¦è€ƒæ¡ˆã—ãŸæ¡ˆãŒå´ä¸‹ã•ã‚ŒãŸã€‚ã€Œå‰ä¾‹ãŒãªã„ã‹ã‚‰ãªã‚“ã¨ã‚‚è¨€ãˆã‚“ã€ï¼ˆã“ã®è©±ã¯ãƒ•ã‚£ã‚¯ã‚·ãƒ§ãƒ³ã§ã™ï¼‰","","","","","","","","",""
"k79-gym","kinensai79","f1","kinensai79","ä½“è‚²é¤¨","[ç®¡å¼¦æ¥½éƒ¨][NWPO][å¹å¥æ¥½éƒ¨][ç”·å¥³ãƒã‚¹ã‚±éƒ¨]","[è¨˜å¿µç¥­HP å›£ä½“ç´¹ä»‹](https://kinensai79.nishi-h.net/groups)/n**ç®¡å¼¦æ¥½éƒ¨ã€NeOrchestra!!ã€**/nè¥¿é«˜ç®¡å¼¦æ¥½éƒ¨ã€é€šç§°NPOï¼å¼¦æ¥½å™¨ã®ç¾ã—ã„éŸ¿ãã¨ç®¡æ¥½å™¨ã¨ã®ãƒãƒ¼ãƒ¢ãƒ‹ãƒ¼ã§ã€ã‚ãªãŸã‚’ä¸€æ™‚é–“ã®éŸ³æ¥½ã®æ—…ã«ã„ã–ãªã„ã¾ã™ã€‚ç™½é³¥ã®æ¹–ã‚„ä»®é¢èˆè¸ä¼šãªã©ã‚’æ¼”å¥ã—ã¾ã™ã€‚ãœã²è´ãã«æ¥ã¦ãã ã•ã„ï¼/n/n**NWPOã€NWPOã€**/nå¹å¥æ¥½éƒ¨Ã—ç®¡å¼¦æ¥½éƒ¨ã®ã¨ãã‚ãæº¢ã‚Œã‚‹ã‚³ãƒ©ãƒœãƒ¬ãƒ¼ã‚·ãƒ§ãƒ³å›£ä½“ã€ä»Šå¹´ã‚‚ç™ºè¶³ï¼æ™®æ®µã¯èãã“ã¨ã®ãªã„ç§ãŸã¡ã®ã‚µã‚¦ãƒ³ãƒ‰ã‚’ã€å…¨èº«ã§ãŠæ¥½ã—ã¿ã‚ã‚Œ?/n/n**å¹å¥æ¥½éƒ¨ã€Festival Brass 2025ã€**/nä»Šå¹´ã‚‚NWOãŒè¨˜å¿µç¥­ã«ã‚„ã£ã¦ããŸï¼è¿«åŠ›æº€ç‚¹ã®æ¼”å¥&æ¼”å‡ºã€ã‚­ãƒ¥ãƒ¼ãƒˆãªãƒ€ãƒ³ã‚¹??NWOã®ã‚µã‚¦ãƒ³ãƒ‰ã§ã¿ã‚“ãªã‚’ãƒ¡ãƒ­ãƒ¡ãƒ­ã«ã—ã¡ã‚ƒã†ã?ã•ã‚ä½“è‚²é¤¨ã«Letâ€™s go??/n/n**ç”·å¥³ãƒã‚¹ã‚±éƒ¨ã€æ‹›å¾…è©¦åˆã€**/nãƒã‚¹ã‚±ã®ç™½ç†±è©¦åˆã‚‚ãƒ€ãƒ³ã‚¹éƒ¨ã«ã‚ˆã‚‹ã®ã‚­ãƒ¬ã‚­ãƒ¬ãƒ‘ãƒ•ã‚©ãƒ¼ãƒãƒ³ã‚¹ã‚‚ï¼éƒ½ç«‹å›½ç«‹é«˜æ ¡ã¨ã®æ‹›å¾…è©¦åˆã€ãœã²å¿œæ´ã«æ¥ã¦ãã ã•ã„ï¼ï¼ä¸€ç·’ã«ç››ã‚Šä¸ŠãŒã‚Šã¾ã—ã‚‡ã†ï¼","https://kinensai79.nishi-h.net/groups_images/ç®¡å¼¦æ¥½éƒ¨.png","https://kinensai79.nishi-h.net/groups_images/NWPO.png","https://kinensai79.nishi-h.net/groups_images/å¹å¥æ¥½éƒ¨.png","https://kinensai79.nishi-h.net/groups_images/ç”·å¥³ãƒã‚¹ã‚±éƒ¨.png","","","","",""
"k79-stage-s","kinensai79","f1","kinensai79","é‡å¤–ã‚¹ãƒ†ãƒ¼ã‚¸(æ™´ã‚Œ)","[ãƒ„ãƒ§ãƒƒã‚«ãƒ¼ã€‚ç‰¹æ’®ç ”ç©¶ä¼š][å¹å¥æ¥½éƒ¨][ãƒ€ãƒ³ã‚¹éƒ¨][ã‚·ãƒ–æ¥½éšŠ][ã‚±ãƒ«ãƒˆéŸ³æ¥½ç ”ç©¶ã‚µãƒ¼ã‚¯ãƒ«][æ”¾é€éƒ¨][HANZï¼ŠONE][é†¤æ²¹ãƒãƒ¨ãƒãƒ¼ã‚ºãƒ•ãƒ©ãƒšãƒãƒ¼ãƒ][è¨˜å¿µç¥­å®Ÿè¡Œå§”å“¡ä¼šå‰¯å§”å“¡é•·ä¼ç”»]","[è¨˜å¿µç¥­HP å›£ä½“ç´¹ä»‹](https://kinensai79.nishi-h.net/groups)/n**ãƒ„ãƒ§ãƒƒã‚«ãƒ¼ã€‚ç‰¹æ’®ç ”ç©¶ä¼šã€æ˜ åƒãƒ»å±•ç¤ºãƒ»ãƒ’ãƒ¼ãƒ­ãƒ¼ã‚·ãƒ§ãƒ¼ã€**/næ˜ åƒåˆ¶ä½œãƒ»ä¼šèªŒç™ºè¡Œãƒ»ãƒ’ãƒ¼ãƒ­ãƒ¼ã‚·ãƒ§ãƒ¼å…¬æ¼”ãªã©ã€‚é›†ãˆã€ç‰¹æ’®ã‚’æ„›ã™ã‚‹è€…é”ã‚ˆã€‚/n/n**å¹å¥æ¥½éƒ¨ã€Festival Brass 2025ã€**/nä»Šå¹´ã‚‚NWOãŒè¨˜å¿µç¥­ã«ã‚„ã£ã¦ããŸï¼è¿«åŠ›æº€ç‚¹ã®æ¼”å¥&æ¼”å‡ºã€ã‚­ãƒ¥ãƒ¼ãƒˆãªãƒ€ãƒ³ã‚¹??NWOã®ã‚µã‚¦ãƒ³ãƒ‰ã§ã¿ã‚“ãªã‚’ãƒ¡ãƒ­ãƒ¡ãƒ­ã«ã—ã¡ã‚ƒã†ã?ã•ã‚ä½“è‚²é¤¨ã«Letâ€™s go??/n/n**ãƒ€ãƒ³ã‚¹éƒ¨ã€ãƒ€ãƒ³ã‚¹éƒ¨è¨˜å¿µç¥­å…¬æ¼”ForeverHappinessã€**/nãƒ€ãƒ³ã‚¹éƒ¨79Ã—80æœŸä½“åˆ¶ã«ãªã£ã¦åˆã®å…¬æ¼”ã§ã™!!ã‹ã‚ã„ã„&ã‹ã£ã“ã„ã„è¸Šã‚Šã§å…¨å“¡å°„æ­¢ã‚ã¡ã‚ƒã„ã¾ã™?ãŠæ¥½ã—ã¿ãã ã•ã„!!ãœã²æ¥ã¦ã­?/n/n**ã‚·ãƒ–æ¥½éšŠã€å¤ã‚·ãƒ– â€™25ã€**/nã€Œé›»æ°—ã‚’ä½¿ã‚ãªã„éŸ³æ¥½ã€ã‚’ãƒ†ãƒ¼ãƒã¨ã—ã¦ã€æ°—ã¾ã¾ã«æ¼”å¥ã‚’æ¥½ã—ã‚€åŒå¥½ä¼šã€‚å¼¾ãèªã‚Šã§é‡ã‚¹ãƒ†ã«ã‚·ãƒ–ã„é¢¨ã‚’å¹ã‹ã›ã¾ã™!!/n/n**ã‚±ãƒ«ãƒˆéŸ³æ¥½ç ”ç©¶ã‚µãƒ¼ã‚¯ãƒ«ã€ã‘ã‚‹ã¨ã‘ã‚‹ã‘ã‚‹ã€**/nã‚±ãƒ«ãƒˆéŸ³æ¥½ã¨ã¯ã€ã‚¢ã‚¤ãƒ«ãƒ©ãƒ³ãƒ‰å‘¨è¾ºã«ä¼ã‚ã‚‹å„ªã—ãã¦ã‚ãŸãŸã‹ã„ä¼çµ±éŸ³æ¥½ã§ã™ã€‚ã‚±ãƒ«ãƒˆã®èª¿ã¹ã«å¿ƒã‚’ç™’ã•ã‚Œã¦ã¿ã¾ã›ã‚“ã‹ï¼Ÿãœã²è´ãã«æ¥ã¦ãã ã•ã„ã­ï¼/n/n**æ”¾é€éƒ¨ã€NHC ã®ã©è‡ªæ…¢ã€**/nè¥¿é«˜ã‹ã‚‰ã®ç”Ÿæ”¾é€ã€‚èª°ã‹ã®ãŸã‚ã«æ­Œã„ãŸã„ã€æƒ³ã„ã‚’å±Šã‘ã‚‹ãŸã‚ã«æ­Œã„ãŸã„ã€‚ï¼ˆãã£ã¨ï¼‰ãã†æ€ã£ã¦ã„ã‚‹ã‚ãªãŸã®ãŸã‚ã®ã‚¹ãƒ†ãƒ¼ã‚¸ã§ã™ã€‚/n/n**HANZï¼ŠONEã€HANZï¼ŠONEã€**/nã„ã¤ã‚‚ã¯ã‹ã£ã“ã‚ˆãã‚·ãƒ¥ãƒ¼ãƒˆã‚’æ±ºã‚ã¡ã‚ƒã†å¥³ãƒãƒ³ã§ã™ãŒãƒãƒ³ã‚ºãƒ¯ãƒ³ã§ã¯ã‹ã‚ã„ãè¸Šã‚Šã¾ã™ï¼æ™®æ®µã¨ã®ã‚®ãƒ£ãƒƒãƒ—ã‚’æ¥½ã—ã‚“ã§ãã ã•ã„ï¼ï¼/n/n**é†¤æ²¹ãƒãƒ¨ãƒãƒ¼ã‚ºãƒ•ãƒ©ãƒšãƒãƒ¼ãƒã€ã¸ã‘(Head Care)ã€**/nç¾å‘³ã—ããªã•ãã†ãªã‚‚ã®ä»£è¡¨ï¼ˆï¼Ÿï¼‰ã€‚ã‚³ãƒ³ãƒˆã‚’ã‚„ã‚Šã¾ã™ã€‚ã‚¿ã‚¤ãƒˆãƒ«ã¯Head careã§ã™ãŒã€ä½•ã‹è½ã¡ã¦ãã‚‹ã‚ã‘ã§ã¯ã‚ã‚Šã¾ã›ã‚“ã€‚ã‚ªãƒã¯ã‚ã‚Šã¾ã™ãŒã­ã€‚ï¼ˆã‚­ãƒªãƒƒï¼‰/n/n**è¨˜å¿µç¥­å®Ÿè¡Œå§”å“¡ä¼šå‰¯å§”å“¡é•·ä¼ç”»ã€è¥¿ã‚³ãƒ³!?ã‚ãªãŸã®é­…åŠ›ã‚’è¦‹ã›ã¤ã‘ã‚?ã€**/nèª°ã‚‚ãŒè¼ã‘ã‚‹ã€è‡ªç”±ã§æ¥½ã—ã„è¥¿é«˜æ ¡ã€‚ ãã®ä¸­ã§ã‚‚ã²ã¨ãã‚å€‹æ€§ã¨ã‚«ãƒªã‚¹ãƒæ€§ã‚’æ”¾ã¤ç”Ÿå¾’ãŸã¡ãŒã„ã‚‹ã€‚ ã•ã‚ã€ã€Œè¥¿ã‚³ãƒ³ã€ã§ã€è¥¿é«˜ç”Ÿã®é­…åŠ›ã‚’ã¨ãã¨ã”è¦§ã‚ã‚Œï¼","https://kinensai79.nishi-h.net/groups_images/ãƒ„ãƒ§ãƒƒã‚«ãƒ¼ã€‚.png","https://kinensai79.nishi-h.net/groups_images/å¹å¥æ¥½éƒ¨.png","https://kinensai79.nishi-h.net/groups_images/ãƒ€ãƒ³ã‚¹éƒ¨.png","https://kinensai79.nishi-h.net/groups_images/ã‚·ãƒ–æ¥½éšŠ.png","https://kinensai79.nishi-h.net/groups_images/ã‚±ãƒ«ãƒˆéŸ³æ¥½ã‚µãƒ¼ã‚¯ãƒ«.png","https://kinensai79.nishi-h.net/groups_images/æ”¾é€éƒ¨.png","https://kinensai79.nishi-h.net/groups_images/HANZ_ONE.png","https://kinensai79.nishi-h.net/groups_images/é†¤æ²¹ãƒãƒ¨ãƒãƒ¼ã‚ºãƒ•ãƒ©ãƒšãƒãƒ¼ãƒ.png","https://kinensai79.nishi-h.net/groups_images/å‰¯å§”å“¡é•·ä¼ç”».png"
"k79-stage-r","kinensai79","f1","kinensai79","é‡å¤–ã‚¹ãƒ†ãƒ¼ã‚¸(é›¨)","[ãƒ„ãƒ§ãƒƒã‚«ãƒ¼ã€‚ç‰¹æ’®ç ”ç©¶ä¼š][å¹å¥æ¥½éƒ¨][ãƒ€ãƒ³ã‚¹éƒ¨][ã‚·ãƒ–æ¥½éšŠ][ã‚±ãƒ«ãƒˆéŸ³æ¥½ç ”ç©¶ã‚µãƒ¼ã‚¯ãƒ«][æ”¾é€éƒ¨][HANZï¼ŠONE][é†¤æ²¹ãƒãƒ¨ãƒãƒ¼ã‚ºãƒ•ãƒ©ãƒšãƒãƒ¼ãƒ][è¨˜å¿µç¥­å®Ÿè¡Œå§”å“¡ä¼šå‰¯å§”å“¡é•·ä¼ç”»]","[è¨˜å¿µç¥­HP å›£ä½“ç´¹ä»‹](https://kinensai79.nishi-h.net/groups)/n**ãƒ„ãƒ§ãƒƒã‚«ãƒ¼ã€‚ç‰¹æ’®ç ”ç©¶ä¼šã€æ˜ åƒãƒ»å±•ç¤ºãƒ»ãƒ’ãƒ¼ãƒ­ãƒ¼ã‚·ãƒ§ãƒ¼ã€**/næ˜ åƒåˆ¶ä½œãƒ»ä¼šèªŒç™ºè¡Œãƒ»ãƒ’ãƒ¼ãƒ­ãƒ¼ã‚·ãƒ§ãƒ¼å…¬æ¼”ãªã©ã€‚é›†ãˆã€ç‰¹æ’®ã‚’æ„›ã™ã‚‹è€…é”ã‚ˆã€‚/n/n**å¹å¥æ¥½éƒ¨ã€Festival Brass 2025ã€**/nä»Šå¹´ã‚‚NWOãŒè¨˜å¿µç¥­ã«ã‚„ã£ã¦ããŸï¼è¿«åŠ›æº€ç‚¹ã®æ¼”å¥&æ¼”å‡ºã€ã‚­ãƒ¥ãƒ¼ãƒˆãªãƒ€ãƒ³ã‚¹??NWOã®ã‚µã‚¦ãƒ³ãƒ‰ã§ã¿ã‚“ãªã‚’ãƒ¡ãƒ­ãƒ¡ãƒ­ã«ã—ã¡ã‚ƒã†ã?ã•ã‚ä½“è‚²é¤¨ã«Letâ€™s go??/n/n**ãƒ€ãƒ³ã‚¹éƒ¨ã€ãƒ€ãƒ³ã‚¹éƒ¨è¨˜å¿µç¥­å…¬æ¼”ForeverHappinessã€**/nãƒ€ãƒ³ã‚¹éƒ¨79Ã—80æœŸä½“åˆ¶ã«ãªã£ã¦åˆã®å…¬æ¼”ã§ã™!!ã‹ã‚ã„ã„&ã‹ã£ã“ã„ã„è¸Šã‚Šã§å…¨å“¡å°„æ­¢ã‚ã¡ã‚ƒã„ã¾ã™?ãŠæ¥½ã—ã¿ãã ã•ã„!!ãœã²æ¥ã¦ã­?/n/n**ã‚·ãƒ–æ¥½éšŠã€å¤ã‚·ãƒ– â€™25ã€**/nã€Œé›»æ°—ã‚’ä½¿ã‚ãªã„éŸ³æ¥½ã€ã‚’ãƒ†ãƒ¼ãƒã¨ã—ã¦ã€æ°—ã¾ã¾ã«æ¼”å¥ã‚’æ¥½ã—ã‚€åŒå¥½ä¼šã€‚å¼¾ãèªã‚Šã§é‡ã‚¹ãƒ†ã«ã‚·ãƒ–ã„é¢¨ã‚’å¹ã‹ã›ã¾ã™!!/n/n**ã‚±ãƒ«ãƒˆéŸ³æ¥½ç ”ç©¶ã‚µãƒ¼ã‚¯ãƒ«ã€ã‘ã‚‹ã¨ã‘ã‚‹ã‘ã‚‹ã€**/nã‚±ãƒ«ãƒˆéŸ³æ¥½ã¨ã¯ã€ã‚¢ã‚¤ãƒ«ãƒ©ãƒ³ãƒ‰å‘¨è¾ºã«ä¼ã‚ã‚‹å„ªã—ãã¦ã‚ãŸãŸã‹ã„ä¼çµ±éŸ³æ¥½ã§ã™ã€‚ã‚±ãƒ«ãƒˆã®èª¿ã¹ã«å¿ƒã‚’ç™’ã•ã‚Œã¦ã¿ã¾ã›ã‚“ã‹ï¼Ÿãœã²è´ãã«æ¥ã¦ãã ã•ã„ã­ï¼/n/n**æ”¾é€éƒ¨ã€NHC ã®ã©è‡ªæ…¢ã€**/nè¥¿é«˜ã‹ã‚‰ã®ç”Ÿæ”¾é€ã€‚èª°ã‹ã®ãŸã‚ã«æ­Œã„ãŸã„ã€æƒ³ã„ã‚’å±Šã‘ã‚‹ãŸã‚ã«æ­Œã„ãŸã„ã€‚ï¼ˆãã£ã¨ï¼‰ãã†æ€ã£ã¦ã„ã‚‹ã‚ãªãŸã®ãŸã‚ã®ã‚¹ãƒ†ãƒ¼ã‚¸ã§ã™ã€‚/n/n**HANZï¼ŠONEã€HANZï¼ŠONEã€**/nã„ã¤ã‚‚ã¯ã‹ã£ã“ã‚ˆãã‚·ãƒ¥ãƒ¼ãƒˆã‚’æ±ºã‚ã¡ã‚ƒã†å¥³ãƒãƒ³ã§ã™ãŒãƒãƒ³ã‚ºãƒ¯ãƒ³ã§ã¯ã‹ã‚ã„ãè¸Šã‚Šã¾ã™ï¼æ™®æ®µã¨ã®ã‚®ãƒ£ãƒƒãƒ—ã‚’æ¥½ã—ã‚“ã§ãã ã•ã„ï¼ï¼/n/n**é†¤æ²¹ãƒãƒ¨ãƒãƒ¼ã‚ºãƒ•ãƒ©ãƒšãƒãƒ¼ãƒã€ã¸ã‘(Head Care)ã€**/nç¾å‘³ã—ããªã•ãã†ãªã‚‚ã®ä»£è¡¨ï¼ˆï¼Ÿï¼‰ã€‚ã‚³ãƒ³ãƒˆã‚’ã‚„ã‚Šã¾ã™ã€‚ã‚¿ã‚¤ãƒˆãƒ«ã¯Head careã§ã™ãŒã€ä½•ã‹è½ã¡ã¦ãã‚‹ã‚ã‘ã§ã¯ã‚ã‚Šã¾ã›ã‚“ã€‚ã‚ªãƒã¯ã‚ã‚Šã¾ã™ãŒã­ã€‚ï¼ˆã‚­ãƒªãƒƒï¼‰/n/n**è¨˜å¿µç¥­å®Ÿè¡Œå§”å“¡ä¼šå‰¯å§”å“¡é•·ä¼ç”»ã€è¥¿ã‚³ãƒ³!?ã‚ãªãŸã®é­…åŠ›ã‚’è¦‹ã›ã¤ã‘ã‚?ã€**/nèª°ã‚‚ãŒè¼ã‘ã‚‹ã€è‡ªç”±ã§æ¥½ã—ã„è¥¿é«˜æ ¡ã€‚ ãã®ä¸­ã§ã‚‚ã²ã¨ãã‚å€‹æ€§ã¨ã‚«ãƒªã‚¹ãƒæ€§ã‚’æ”¾ã¤ç”Ÿå¾’ãŸã¡ãŒã„ã‚‹ã€‚ ã•ã‚ã€ã€Œè¥¿ã‚³ãƒ³ã€ã§ã€è¥¿é«˜ç”Ÿã®é­…åŠ›ã‚’ã¨ãã¨ã”è¦§ã‚ã‚Œï¼","https://kinensai79.nishi-h.net/groups_images/ãƒ„ãƒ§ãƒƒã‚«ãƒ¼ã€‚.png","https://kinensai79.nishi-h.net/groups_images/å¹å¥æ¥½éƒ¨.png","https://kinensai79.nishi-h.net/groups_images/ãƒ€ãƒ³ã‚¹éƒ¨.png","https://kinensai79.nishi-h.net/groups_images/ã‚·ãƒ–æ¥½éšŠ.png","https://kinensai79.nishi-h.net/groups_images/ã‚±ãƒ«ãƒˆéŸ³æ¥½ã‚µãƒ¼ã‚¯ãƒ«.png","https://kinensai79.nishi-h.net/groups_images/æ”¾é€éƒ¨.png","https://kinensai79.nishi-h.net/groups_images/HANZ_ONE.png","https://kinensai79.nishi-h.net/groups_images/é†¤æ²¹ãƒãƒ¨ãƒãƒ¼ã‚ºãƒ•ãƒ©ãƒšãƒãƒ¼ãƒ.png","https://kinensai79.nishi-h.net/groups_images/å‰¯å§”å“¡é•·ä¼ç”».png"
"k79-gate","kinensai79","f1","kinensai79","å¤–è£…é–€","","[è¨˜å¿µç¥­HP](https://kinensai79.nishi-h.net)","","","","","","","","",""
"k79-reception","kinensai79","f1","kinensai79","å—ä»˜","","[è¨˜å¿µç¥­HP](https://kinensai79.nishi-h.net)","","","","","","","","",""
"k79-info","kinensai79","f1","kinensai79","ã‚¤ãƒ³ãƒ•ã‚©ãƒ¡ãƒ¼ã‚·ãƒ§ãƒ³","","[è¨˜å¿µç¥­HP](https://kinensai79.nishi-h.net)","","","","","","","","",""
"k79-trash-can-1","kinensai79","f1","kinensai79","ã‚´ãƒŸç®±","","[è¨˜å¿µç¥­HP é£Ÿäº‹å ´æ‰€ãƒ»ç©ºå¸­çŠ¶æ³](https://kinensai79.nishi-h.net/shop/places)","","","","","","","","",""
"k79-trash-can-2s","kinensai79","f1","kinensai79","ã‚´ãƒŸç®±(æ™´ã‚Œ)","","[è¨˜å¿µç¥­HP é£Ÿäº‹å ´æ‰€ãƒ»ç©ºå¸­çŠ¶æ³](https://kinensai79.nishi-h.net/shop/places)","","","","","","","","",""
"k79-trash-can-2r","kinensai79","f1","kinensai79","ã‚´ãƒŸç®±(é›¨)","","[è¨˜å¿µç¥­HP é£Ÿäº‹å ´æ‰€ãƒ»ç©ºå¸­çŠ¶æ³](https://kinensai79.nishi-h.net/shop/places)","","","","","","","","",""
"k79-trash-can-3s","kinensai79","f1","kinensai79","ã‚´ãƒŸç®±(æ™´ã‚Œ)","","[è¨˜å¿µç¥­HP é£Ÿäº‹å ´æ‰€ãƒ»ç©ºå¸­çŠ¶æ³](https://kinensai79.nishi-h.net/shop/places)","","","","","","","","",""
"k79-trash-can-3r","kinensai79","f1","kinensai79","ã‚´ãƒŸç®±(é›¨)","","[è¨˜å¿µç¥­HP é£Ÿäº‹å ´æ‰€ãƒ»ç©ºå¸­çŠ¶æ³](https://kinensai79.nishi-h.net/shop/places)","","","","","","","","",""
"k79-eat-space-1","kinensai79","f1","kinensai79","é£Ÿäº‹å ´æ‰€","","[è¨˜å¿µç¥­HP é£Ÿäº‹å ´æ‰€ãƒ»ç©ºå¸­çŠ¶æ³](https://kinensai79.nishi-h.net/shop/places)","","","","","","","","",""
"k79-eat-space-2s","kinensai79","f1","kinensai79","é£Ÿäº‹å ´æ‰€(æ™´ã‚Œ) ","","[è¨˜å¿µç¥­HP é£Ÿäº‹å ´æ‰€ãƒ»ç©ºå¸­çŠ¶æ³](https://kinensai79.nishi-h.net/shop/places)","","","","","","","","",""
"k79-eat-space-3s","kinensai79","f1","kinensai79","é£Ÿäº‹å ´æ‰€(æ™´ã‚Œ) ","","[è¨˜å¿µç¥­HP é£Ÿäº‹å ´æ‰€ãƒ»ç©ºå¸­çŠ¶æ³](https://kinensai79.nishi-h.net/shop/places)","","","","","","","","",""
"k79-2jQ8","kinensai79","f2","kinensai79","2A","[2A]","[è¨˜å¿µç¥­HP å›£ä½“ç´¹ä»‹](https://kinensai79.nishi-h.net/groups)/n**2Aã€è¥¿COMã€**/nè¥¿é«˜ã‚’çŸ¥ã‚‹è€…ã«è†¾ç‚™ã™ã‚‹â€æ—¬åŒ–â€ã€‚æ•™å®¤ã«å¿˜ã‚ŒãŸâ€æ—¬åŒ–â€ã‚’å–ã‚Šæˆ»ã™ã¹ãå¤œã®å­¦æ ¡ã«ä¾µå…¥ã™ã‚‹ãŒï½¤ï½¤ï½¤ã€‚å­¦æ ¡ã«å¼µã‚Šå·¡ã‚‰ã•ã‚ŒãŸâ€è¥¿COMâ€ã‹ã‚‰ç„¡äº‹é€ƒã‚Œã‚‹ã“ã¨ã¯ã§ãã‚‹ã®ã‹??","https://kinensai79.nishi-h.net/groups_images/2A.png","","","","","","","",""
"k79-MIrf","kinensai79","f2","kinensai79","2B","[2B]","[è¨˜å¿µç¥­HP å›£ä½“ç´¹ä»‹](https://kinensai79.nishi-h.net/groups)/n**2Bã€ã‚Šã‚“ã”ã‚¢ãƒ¬ãƒ«ã‚®ãƒ¼ã®ç™½é›ªå§«ã€**/n2å¹´Bçµ„ã®ã€ç™½é›ªå§«ã€ã€‚ãã‚Œã¯ã“ã®ç‰©èªã®å¯“è©±æ€§ã‚’å•ã„ã€ãã®ä¸å®Œå…¨ã•ã‚’æ‰•æ‹­ã™ã‚‹ã“ã¨ã«ãªã‚‹ã§ã‚ã‚ã†ã€‚ç¾å®Ÿä¸–ç•Œã«æº¶ã‘è¾¼ã‚“ã ã“ã®ç‰©èªã®è¨­å®šãŒã‚‚ã—ã‚‚é–“é•ã£ã¦ã„ã‚‹ã¨ã—ãŸã‚‰ï¼Ÿ","https://kinensai79.nishi-h.net/groups_images/2B.png","","","","","","","",""
"k79-FjHz","kinensai79","f2","kinensai79","2C","[2C]","[è¨˜å¿µç¥­HP å›£ä½“ç´¹ä»‹](https://kinensai79.nishi-h.net/groups)/n**2Cã€Mission:ImpoCbleã€**/nä¸–ç•ŒãŒæ¬²ã—ãŒã‚‹ã®ã¯æ ¸ã§ã‚‚é‡‘ã§ã‚‚ãªã„ã€‚ã€ã‚³ãƒãƒ¤ã‚·ãƒã‚¸ãƒ³ã‚»ã‚¤ã‚¢ãƒ‰ãƒã‚¤ã‚¹ã€ã ã£ãŸ??ã€‚ æ•µã®ç›®ã‚’æ»ã„æ½œã‚Šã€å¥ªã„å–ã‚‹è¦šæ‚Ÿã¯ã‚ã‚‹ã‹ã€‚æ–°æ„Ÿè¦šã‚¹ãƒ‘ã‚¤ã‚²ãƒ¼ãƒ ã«æŒ‘æˆ¦ã›ã‚ˆï¼","https://kinensai79.nishi-h.net/groups_images/2C.png","","","","","","","",""
"k79-E7zx","kinensai79","f2","kinensai79","2D","[2D]","[è¨˜å¿µç¥­HP å›£ä½“ç´¹ä»‹](https://kinensai79.nishi-h.net/groups)/n**2Dã€ä»Šæ—¥å¥½ãã«ãªã‚Šã¾ã—ãŸã€‚?è¥¿é«˜ç·¨?ã€**/né‹å‘½ã®æ‹ã¨è¥¿æ˜¥ã®æ—¥ã€…ã‚’ãƒ†ãƒ¼ãƒã«ã€å€‹æ€§è±Šã‹ãªç¾å½¹é«˜æ ¡ç”Ÿï¼ˆï¼Ÿï¼‰ãŸã¡ã‚’è¿½ã†æ‹æ„›ç•ªçµ„ã€‚å½¼ã‚‰ã®æœ¬æ°—ã®æ‹ã¨è¥¿æ˜¥ã‚’è¿½ã„ã‹ã‘ã¾ã™ã€‚æœãŸã—ã¦ãƒ¡ãƒ³ãƒãƒ¼ã¯é‹å‘½ã®æ‹ã‚’è¦‹ã¤ã‘ã‚‹ã“ã¨ãŒã§ãã‚‹ã®ã‹ï¼Ÿ","https://kinensai79.nishi-h.net/groups_images/2D.jpg","","","","","","","",""
"k79-SJdO","kinensai79","f2","kinensai79","2E","[2E]","[è¨˜å¿µç¥­HP å›£ä½“ç´¹ä»‹](https://kinensai79.nishi-h.net/groups)/n**2Eã€è¥¿æœˆè¨˜ã€**/nå¸¸ã«æˆç¸¾ãƒˆãƒƒãƒ—ã‚’èª‡ã£ã¦ã„ãŸä¸»äººå…¬ã€‚ã—ã‹ã—ã€ã‚ã‚‹æŒ«æŠ˜ãŒå½¼ã®æœªæ¥ã‚’å¤§ããå¡—ã‚Šæ›¿ãˆã¦ã„ãâ€¦2EãŒé€ã‚‹ã€åä½œã€Œå±±æœˆè¨˜ã€ã®ãƒ‘ãƒ­ãƒ‡ã‚£åŠ‡å ´____","https://kinensai79.nishi-h.net/groups_images/2E.png","","","","","","","",""
"k79-ieY6","kinensai79","f2","kinensai79","2F","[2F]","[è¨˜å¿µç¥­HP å›£ä½“ç´¹ä»‹](https://kinensai79.nishi-h.net/groups)/n**2Fã€é•·æœˆã®é¤¨ã€**/nã‚¤ã‚®ãƒªã‚¹ãƒ»ãƒ­ãƒ³ãƒ‰ãƒ³ã«ä½‡ã‚€è¬ã‚ã„ãŸæ´‹é¤¨ã‚’èˆå°ã«ã—ãŸä½“é¨“å‹ã‚¢ãƒˆãƒ©ã‚¯ã‚·ãƒ§ãƒ³ã€‚â€•â€•ã‚¹ãƒªãƒ«ã¨èˆˆå¥®ã‚’å‘³ã‚ãˆã‚‹éæ—¥å¸¸ã®ç©ºé–“ã¸ã‚ˆã†ã“ãã€‚","https://kinensai79.nishi-h.net/groups_images/2F.png","","","","","","","",""
"k79-SI8I","kinensai79","f2","kinensai79","2G","[2G]","[è¨˜å¿µç¥­HP å›£ä½“ç´¹ä»‹](https://kinensai79.nishi-h.net/groups)/n**2Gã€ã‚€ã‹Gã°ãªGæ³•å»·?ã‹ãã‚„å§«?ã€**/nã‚ã®ã‹ãã‚„å§«ãŒè¢«å‘Šäººã«ï¼ï¼Ÿãã—ã¦åˆ¤æ±ºã‚’ä¸‹ã™ã®ã¯é¸ã°ã‚ŒãŸ7äººã®è£åˆ¤å“¡ã€‚æœãŸã—ã¦æœ‰ç½ªã‹ã€ç„¡ç½ªã‹ã€‚ æ—¥æœ¬æœ€å¤ã®ç‰©èªã‚’ãƒ†ãƒ¼ãƒã«ç¹°ã‚Šåºƒã’ã‚‰ã‚Œã‚‹ã€è¦³å®¢å‚åŠ å‹ã®æ³•å»·åŠ‡ï¼","https://kinensai79.nishi-h.net/groups_images/2G.png","","","","","","","",""
"k79-PzRk","kinensai79","f2","kinensai79","2H","[2H]","[è¨˜å¿µç¥­HP å›£ä½“ç´¹ä»‹](https://kinensai79.nishi-h.net/groups)/n**2Hã€èµ¤é ­ç­‹ã¡ã‚ƒã‚“ã€**/nçš†ã¯ã€èµ¤ãšãã‚“ã€ã¨èãã¨ã€ä½•ã‚’æ€ã„æµ®ã‹ã¹ã‚‹ã ã‚ã†ã‹ï¼Ÿä¸€äººã®å°‘å¥³ãŒç‹¼ã«è¥²ã‚ã‚Œâ€¦ã€‚ã‚ã‚Œã€å‹˜é•ã„ã—ãªã„ã§ã­ã€‚å›ã«èã„ã¦ã„ã‚‹ã®ã¯ã€èµ¤é ­ç­‹ã€(?)ã®ã“ã¨ã ã‚ˆã€‚","https://kinensai79.nishi-h.net/groups_images/2H.png","","","","","","","",""
"k79-10p8","kinensai79","f2","kinensai79","ç§˜å¯†çµç¤¾ãƒ™ãƒˆãƒªãƒŠ","[ç§˜å¯†çµç¤¾ãƒ™ãƒˆãƒªãƒŠ]","[è¨˜å¿µç¥­HP å›£ä½“ç´¹ä»‹](https://kinensai79.nishi-h.net/groups)/n**ç§˜å¯†çµç¤¾ãƒ™ãƒˆãƒªãƒŠã€ç„¡é§„ã€**/nç„¡é§„ã€‚","https://kinensai79.nishi-h.net/groups_images/ç§˜å¯†çµç¤¾ãƒ™ãƒˆãƒªãƒŠ.png","","","","","","","",""
"k79-uemH","kinensai79","f2","kinensai79","ãƒ‡ã‚£ãƒ™ãƒ¼ãƒˆéƒ¨","[ãƒ‡ã‚£ãƒ™ãƒ¼ãƒˆéƒ¨]","[è¨˜å¿µç¥­HP å›£ä½“ç´¹ä»‹](https://kinensai79.nishi-h.net/groups)/n**ãƒ‡ã‚£ãƒ™ãƒ¼ãƒˆéƒ¨ã€éƒ¨èªŒç™ºè¡Œã€**/nå¤§ä¼šã§è¿°ã¹ã¦ã„ã‚‹æ„è¦‹ãªã©ã‚’è¨˜è¼‰ã—ãŸéƒ¨èªŒã‚’ç™ºè¡Œã—ã¾ã™ã€‚éƒ½ç«‹é«˜(ã»ã¼)å”¯ä¸€ã®ãƒ‡ã‚£ãƒ™ãƒ¼ãƒˆéƒ¨ã®æ´»å‹•ã‚’è¦—ã„ã¦ã¿ã¾ã›ã‚“ã‹??","https://kinensai79.nishi-h.net/groups_images/ãƒ‡ã‚£ãƒ™ãƒ¼ãƒˆéƒ¨.png","","","","","","","",""
"k79-gwWP","kinensai79","f2","kinensai79","ã«ã›ã„","[ã«ã›ã„]","[è¨˜å¿µç¥­HP å›£ä½“ç´¹ä»‹](https://kinensai79.nishi-h.net/groups)/n**ã«ã›ã„ã€æš‡ã‚’æŒã¦ä½™ã—ãŸç´™ã‚´ãƒŸã®éŠã³ã€**/né¡§å•é¯–ã€‚å¾¡æ©Ÿå«Œå¦‚ä½•ã€‚ã†ã‡??ãƒ¬ãƒ¢ãƒ³1å€‹ã«å«ã¾ã‚Œã‚‹ãƒ“ã‚¿ãƒŸãƒ³Cã¯ãƒ¬ãƒ¢ãƒ³4å€‹åˆ†ã†ã‡??å¤šæ§˜æ€§ã‚’å¤šç”¨ã›ã„ï¼Ÿã‚ãªã‹ã¾ã€‚ã¾ã‚¢ã‚ã¦ã«ã™ã‚“ãªé…·ã™ãç™ºç¦ãŠå‰ã‚‚ã«ã›ã„ã«ãªã‚‰ãªã„ã‹ï¼Ÿ","https://kinensai79.nishi-h.net/groups_images/ã«ã›ã„.png","","","","","","","",""
"k79-hf1g","kinensai79","f2","kinensai79","ãƒã‚±ãƒ¢ãƒ³ç ”ç©¶ã‚µãƒ¼ã‚¯ãƒ«","[ãƒã‚±ãƒ¢ãƒ³ç ”ç©¶ã‚µãƒ¼ã‚¯ãƒ«]","[è¨˜å¿µç¥­HP å›£ä½“ç´¹ä»‹](https://kinensai79.nishi-h.net/groups)/n**ãƒã‚±ãƒ¢ãƒ³ç ”ç©¶ã‚µãƒ¼ã‚¯ãƒ«ã€ãƒã‚±ãƒƒãƒˆãƒ¢ãƒ³ã‚¹ã‚¿ãƒ¼ç•¥ã—ã¦ã€Œã‚±ãƒ³ã‚¿ã€ã€**/nè¥¿é«˜ã«ãŠã„ã¦å¤§ã£ã´ã‚‰ã«å­¦æ ¡ã«Switchã‚’æŒã£ã¦ãã¦ç™½æ˜¼å ‚ã€…ãƒã‚±ãƒ¢ãƒ³ã‚’æ¥½ã—ã‚ã‚‹ã®ã¯ãƒã‚±ãƒ¢ãƒ³ã‚µãƒ¼ã‚¯ãƒ«ã®ç‰¹æ¨©ï¼2éšæ±æ¸¡ã‚Šå»Šä¸‹ã«ã¦éƒ¨èªŒé…å¸ƒ&ãŠçµµæãå—ä»˜ä¸­ï¼ãœã²ãã¦ã­","https://kinensai79.nishi-h.net/groups_images/ãƒã‚±ãƒ¢ãƒ³ç ”ç©¶ã‚µãƒ¼ã‚¯ãƒ«.png","","","","","","","",""
"k79-N7SG","kinensai79","f2","kinensai79","ç”ºç”°å¸‚æ°‘ã®ä¼š","[ç”ºç”°å¸‚æ°‘ã®ä¼š]","[è¨˜å¿µç¥­HP å›£ä½“ç´¹ä»‹](https://kinensai79.nishi-h.net/groups)/n**ç”ºç”°å¸‚æ°‘ã®ä¼šã€ç”ºç”°å¸‚æ°‘ã®ä¼š79Ã—80ã€**/nå¸°ã£ã¦ããŸï¼ç”ºç”°å¸‚æ°‘ã®ä¼šï¼ï¼åœ°å…ƒã®é­…åŠ›ã‚’ç™ºä¿¡ã™ã¹ãä½œã‚‰ã‚ŒãŸåœ°åŸŸçµç¤¾çš„è¬å›£ä½“ã€‚ã‚ãªãŸã‚‚ã€Œç”ºç”°å¸‚æ°‘ä½“é¨“ã€ã—ã¦ã„ãã¾ã›ã‚“ã‹ï¼Ÿ","https://kinensai79.nishi-h.net/groups_images/ç”ºç”°å¸‚æ°‘ã®ä¼š.png","","","","","","","",""
"k79-71L5","kinensai79","f2","kinensai79","ã‚¤ãƒ©ã‚¹ãƒˆç ”ç©¶éƒ¨","[ã‚¤ãƒ©ã‚¹ãƒˆç ”ç©¶éƒ¨]","[è¨˜å¿µç¥­HP å›£ä½“ç´¹ä»‹](https://kinensai79.nishi-h.net/groups)/n**ã‚¤ãƒ©ã‚¹ãƒˆç ”ç©¶éƒ¨ã€ã„ã‚‰ã‘ã‚“ï¼ã€**/nã‚¤ãƒ©ã‚¹ãƒˆç ”ç©¶éƒ¨ã§ã™ï¼ä»Šå¹´åº¦ã‚‚ä¾‹å¹´åŒæ§˜ã€éƒ¨èªŒã®é ’å¸ƒã‚’è¡Œã„ã¾ã™ï¼éƒ¨å“¡æ•°ã‚‚å¢—ãˆè¯ã‚„ã‹ã«ãªã£ãŸAstanaã‚’æ˜¯éã€ãŠæ¥½ã—ã¿ãã ã•ã„ã¾ã›ï¼ï¼ ","https://kinensai79.nishi-h.net/groups_images/ã‚¤ãƒ©ã‚¹ãƒˆç ”ç©¶éƒ¨.png","","","","","","","",""
"k79-KFio","kinensai79","f2","kinensai79","ã‚†ã«ã°","[ã‚†ã«ã°]","[è¨˜å¿µç¥­HP å›£ä½“ç´¹ä»‹](https://kinensai79.nishi-h.net/groups)/n**ã‚†ã«ã°ã€æ„‰å¿«ãªè¥¿é«˜ç”Ÿã«åŸ·è¡Œå§”å“¡ãƒ¡ãƒ³ãƒãƒ¼ã‚’æ·»ãˆã¦ã€**/nè¨˜å¿µç¥­ã€æ¥½ã—ã„ã‘ã©ã€è¥¿é«˜ç”Ÿã£ã¦ã‚ˆãã‚ã‹ã‚“ãªã„â€¦ãã‚“ãªã‚ãªãŸæœ—å ±ï¼è¥¿é«˜ç”Ÿã¨è©±ã—ã¦ã¿ã¾ã›ã‚“ã‹ï¼Ÿå€‹æ€§è±Šã‹ï¼ˆã™ãï¼‰ãªãƒ¡ãƒ³ãƒãƒ¼ãŒä¼šè­°å®¤ã§ãŠå¾…ã¡ã—ã¦ã„ã¾ã™ï¼","https://kinensai79.nishi-h.net/groups_images/ã‚†ã«ã°.png","","","","","","","",""
"k79-Dx4T","kinensai79","f2","kinensai79","æ˜ åƒç ”ç©¶ã‚µãƒ¼ã‚¯ãƒ«","[æ˜ åƒç ”ç©¶ã‚µãƒ¼ã‚¯ãƒ«]","[è¨˜å¿µç¥­HP å›£ä½“ç´¹ä»‹](https://kinensai79.nishi-h.net/groups)/n**æ˜ åƒç ”ç©¶ã‚µãƒ¼ã‚¯ãƒ«ã€æ˜ åƒç ”ç©¶ã‚µãƒ¼ã‚¯ãƒ« ä½œå“ç¾¤ file.1ï½ç™½è¡£ï½ã€**/næˆ‘ã‚‰è¥¿æš¦2025å¹´çªå¦‚è¥¿æ–¹ã®é«˜æ ¡ã«çˆ†èª•ã›ã—NEWã‚µãƒ¼ã‚¯ãƒ«ã€‚æ˜ åƒã‚’æ’®ã‚‹ã®ã§ã‚ã‚‹ã€‚ä¸‰ã¤å·´çš„é’æ˜¥ãƒãƒˆãƒ«ã‚³ãƒ¡ãƒ‡ã‚£ãªé—‡é‹ã®å¦‚ãç‹‚ä¹±çµµå·»ã‚’ã”è¦§ã‚ã‚Œã€‚ãƒ†ãƒ¼ãƒã¯ã€ç™½è¡£æ—ã€ã€‚","https://kinensai79.nishi-h.net/groups_images/æ˜ åƒç ”ç©¶ã‚µãƒ¼ã‚¯ãƒ«.png","","","","","","","",""
"k79-fJMd","kinensai79","f2","kinensai79","ç¾è¡“éƒ¨","[ç¾è¡“éƒ¨]","[è¨˜å¿µç¥­HP å›£ä½“ç´¹ä»‹](https://kinensai79.nishi-h.net/groups)/n**ç¾è¡“éƒ¨ã€ç¾è¡“éƒ¨ã€**/næ²¹çµµã®å±•ç¤ºã‚’ã—ã¦ã„ã¾ã™ã€‚çµµã‚’è¦‹ãªãŒã‚‰æ¶¼ã¿ãŸã„æ–¹ï¼ãœã²ç¾è¡“å®¤ã¸","https://kinensai79.nishi-h.net/groups_images/ç¾è¡“éƒ¨.png","","","","","","","",""
"k79-tw15","kinensai79","f2","kinensai79","æµªæ¼«å€¶æ¥½éƒ¨","[æµªæ¼«å€¶æ¥½éƒ¨]","[è¨˜å¿µç¥­HP å›£ä½“ç´¹ä»‹](https://kinensai79.nishi-h.net/groups)/n**æµªæ¼«å€¶æ¥½éƒ¨ã€ãƒ­ãƒãƒ³ã¯ã“ã“ã ã€‚ã€**/nãƒ­ãƒãƒ³ã¯ã“ã“ã ã€‚","https://kinensai79.nishi-h.net/groups_images/æµªæ¼«å€¶æ¥½éƒ¨.png","","","","","","","",""
"k79-audiovisual","kinensai79","f2","kinensai79","è¦–è´è¦šãƒ›ãƒ¼ãƒ«","[Westrio][æ¼”åŠ‡éƒ¨][å‰£é“éƒ¨][78æœŸã‚µãƒ¼ã‚¯ãƒ«å¿—è¨˜][ãƒ€ãƒ³ã‚¹éƒ¨][ã‚´ã‚¹ãƒšãƒ«ãƒ•ãƒªãƒ¼ã‚¯ã‚¹éƒ¨]","å…¥å£ã¯2éšã§ã™ã€‚/n[è¨˜å¿µç¥­HP å›£ä½“ç´¹ä»‹](https://kinensai79.nishi-h.net/groups)/n**Westrioã€Westrioâ€™s classical concertã€**/nWestrio ã¯ä»Šå¹´ã§çµæˆ2å¹´ç›®ã®ãƒ”ã‚¢ãƒãƒˆãƒªã‚ªã§ã™ã€‚æ¥½å™¨æ­´10å¹´ä»¥ä¸Šã®ã‚¯ãƒ©ã‚·ãƒƒã‚¯å¥½ãï¼“äººãŒæœ¬æ°—ã§ãŠå±Šã‘ã™ã‚‹éŸ³è‰²ã‚’æ˜¯éãŠæ¥½ã—ã¿ãã ã•ã„ã€‚/n/n**æ¼”åŠ‡éƒ¨ã€æ¼”åŠ‡ä½œæˆã‚­ãƒƒãƒˆã€**/nå»ƒéƒ¨å¯¸å‰ã®æ¼”åŠ‡éƒ¨ã®éƒ¨é•·ãŒæ‰‹ã«å…¥ã‚ŒãŸã®ã¯â€¦â€¦ã€€ã€Œã“ã‚ŒãŒã€æ¼”åŠ‡ä½œæˆã‚­ãƒƒãƒˆã€â€¦â€¦ï¼ã€€ã¨ã‚Šã‚ãˆãšã€é–‹å°ï¼ã€ã€€ãã‚Œã¯å½¼å¥³ãŒä½œã‚‹ã€ã‚­ãƒ©ã‚­ãƒ©ã—ãŸåŠ‡ã€ã®å§‹ã¾ã‚Šã ã£ãŸã€‚/n/n**å‰£é“éƒ¨ã€äººç”ŸåŠ‡å ´ã€**/n50å¹´ã®ä¼çµ±ã‚’èª‡ã‚‹ã€Œäººç”ŸåŠ‡å ´ã€ã€‚å‰£é“éƒ¨å“¡ãŸã¡ã¯ç«¹åˆ€ã‚’çœŸå‰£ã«æŒã¡ä»£ãˆã€èˆå°ä¸Šã§ãã®å®ŸåŠ›ã‚’ç™ºæ®ã™ã‚‹ã€‚ç·´ã‚Šä¸Šã’ãŸè„šæœ¬ã€ç£¨ãä¸Šã’ãŸå‰£æŠ€ã€‚ä¸€å¤ã‚’ã‹ã‘ãŸæ™‚ä»£åŠ‡ã€ã“ã“ã«é–‹æ¼”ã€‚/n/n**78æœŸã‚µãƒ¼ã‚¯ãƒ«å¿—è¨˜ã€åå‰ã¯ã¾ã ãªã„ã€**/n18æ­³ã«ãªã‚‹å‰æ—¥ã€è¦‹ã¤ã‘ãŸã®ã¯ä¸­å­¦ç”Ÿã®é ƒã®æ—¥è¨˜ã€‚ã‚ã®é ƒé£²ã¿è¾¼ã‚“ã è¨€è‘‰ã€‚å‹é”ã€å®¶æ—ã€ãã—ã¦è‡ªåˆ†ã¸ã€‚å¿˜ã‚ŒãŸã¯ãšã®æ€ã„ã¯ã€ä»Šã‚‚ã¾ã å¿ƒã®ä¸­ã«æ®‹ã£ã¦ã„ãŸã€‚/n/n**ãƒ€ãƒ³ã‚¹éƒ¨ã€ãƒ€ãƒ³ã‚¹éƒ¨è¨˜å¿µç¥­å…¬æ¼”ForeverHappinessã€**/nãƒ€ãƒ³ã‚¹éƒ¨79Ã—80æœŸä½“åˆ¶ã«ãªã£ã¦åˆã®å…¬æ¼”ã§ã™!!ã‹ã‚ã„ã„&ã‹ã£ã“ã„ã„è¸Šã‚Šã§å…¨å“¡å°„æ­¢ã‚ã¡ã‚ƒã„ã¾ã™?ãŠæ¥½ã—ã¿ãã ã•ã„!!ãœã²æ¥ã¦ã­?/n/n**ã‚´ã‚¹ãƒšãƒ«ãƒ•ãƒªãƒ¼ã‚¯ã‚¹éƒ¨ã€Call us?Chorus!!ã€**/nã‚´ã‚¹ãƒšãƒ«ãƒ•ãƒªãƒ¼ã‚¯ã‚¹éƒ¨ï¼Ÿã‚´ã‚¹ãƒ•ãƒªï¼Ÿæ­Œã„ç‹‚ã†â€¦ï¼Ÿå½¼ã‚‰ã¯ä½•è€…ãªã®ã‹ã€è¦–è´è¦šãƒ›ãƒ¼ãƒ«ã§ä½•ãŒèµ·ãã‚‹ã®ã‹ã€‚çœŸå®Ÿã¯ã€ãã®æ­Œã‚’èãäººã ã‘ãŒçŸ¥ã‚‹ãƒ¼ãƒ¼ã€‚","https://kinensai79.nishi-h.net/groups_images/Westrio.png","https://kinensai79.nishi-h.net/groups_images/æ¼”åŠ‡éƒ¨.png","https://kinensai79.nishi-h.net/groups_images/å‰£é“éƒ¨.png","https://kinensai79.nishi-h.net/groups_images/78æœŸã‚µãƒ¼ã‚¯ãƒ«å¿—è¨˜.png","https://kinensai79.nishi-h.net/groups_images/ãƒ€ãƒ³ã‚¹éƒ¨.png","https://kinensai79.nishi-h.net/groups_images/ã‚´ã‚¹ãƒšãƒ«ãƒ•ãƒªãƒ¼ã‚¯ã‚¹éƒ¨.png","","",""
"k79-KymN","kinensai79","f3","kinensai79","ãƒ„ãƒ§ãƒƒã‚«ãƒ¼ã€‚ç‰¹æ’®ç ”ç©¶ä¼š","[ãƒ„ãƒ§ãƒƒã‚«ãƒ¼ã€‚ç‰¹æ’®ç ”ç©¶ä¼š]","[è¨˜å¿µç¥­HP å›£ä½“ç´¹ä»‹](https://kinensai79.nishi-h.net/groups)/n**ãƒ„ãƒ§ãƒƒã‚«ãƒ¼ã€‚ç‰¹æ’®ç ”ç©¶ä¼šã€æ˜ åƒãƒ»å±•ç¤ºãƒ»ãƒ’ãƒ¼ãƒ­ãƒ¼ã‚·ãƒ§ãƒ¼ã€**/næ˜ åƒåˆ¶ä½œãƒ»ä¼šèªŒç™ºè¡Œãƒ»ãƒ’ãƒ¼ãƒ­ãƒ¼ã‚·ãƒ§ãƒ¼å…¬æ¼”ãªã©ã€‚é›†ãˆã€ç‰¹æ’®ã‚’æ„›ã™ã‚‹è€…é”ã‚ˆã€‚","https://kinensai79.nishi-h.net/groups_images/ãƒ„ãƒ§ãƒƒã‚«ãƒ¼ã€‚.png","","","","","","","",""
"k79-mIsu","kinensai79","f3","kinensai79","504","[504]","[è¨˜å¿µç¥­HP å›£ä½“ç´¹ä»‹](https://kinensai79.nishi-h.net/groups)/n**504ã€æŠ€è¡“ç­æ´»å‹•ãƒ­ã‚°2025ã€**/nä»Šå›ã‚‚è¨˜å¿µç¥­HPã€webã‚·ã‚¹ãƒ†ãƒ ç­‰ã®åˆ¶ä½œã‚’æ‹…å½“ã•ã›ã¦ã„ãŸã ãã¾ã—ãŸã€504ã§ã™ã€‚3Eã«ã¦è¨˜å¿µç¥­ã«è‡³ã‚‹ã¾ã§ã®æ´»å‹•ãƒ­ã‚°ã€éƒ¨å“¡ã®ä½œå“ã‚’å…¬é–‹ä¸­ã§ã™ã€‚ã”ç…§è¦§ã‚ã‚Œã„ãƒï¼ï¼ï¼","https://kinensai79.nishi-h.net/groups_images/504.png","","","","","","","",""
"k79-npD9","kinensai79","f3","kinensai79","CRæ±æ—¥æœ¬","[CRæ±æ—¥æœ¬]","[è¨˜å¿µç¥­HP å›£ä½“ç´¹ä»‹](https://kinensai79.nishi-h.net/groups)/n**CRæ±æ—¥æœ¬ã€ã‚ãªãŸã¨ã€€ã‚ãŸã‚‰ã—ã„ã€€CRã¸ã€**/né‰„é“å¥½ãã‚‚ã€ãã†ã˜ã‚ƒãªã„äººã‚‚æ¥½ã—ã‚ã‚‹å±•ç¤ºã‚’ç›®æŒ‡ã—ã¦ã€‚ç§ãŸã¡ãŒä¼ãˆãŸã„ã“ã¨ã¯ãŸã ã²ã¨ã¤ã€‚ãã†ã€ã€Œé‰„é“ã£ã¦ã€ã‹ã£ã“ã„ã„ã€‚ã€","https://kinensai79.nishi-h.net/groups_images/CR.png","","","","","","","",""
"k79-FrnC","kinensai79","f3","kinensai79","Nishi Flyer","[Nishi Flyer]","[è¨˜å¿µç¥­HP å›£ä½“ç´¹ä»‹](https://kinensai79.nishi-h.net/groups)/n**Nishi Flyerã€è¥¿ç©º 2025ã€**/nã€Œç©ºã‚’é£›ã¶ã€ã“ã‚Œã¯äººé¡ã®å¤§ããªå¤¢ã ã£ãŸã€‚ãƒ’ã‚³ãƒ¼ã‚­å¥½ãã®è¥¿é«˜ç”Ÿã«ã‚ˆã‚‹ç‰¹åˆ¥å±•ç¤ºã‚„ãƒšãƒƒãƒˆãƒœãƒˆãƒ«ãƒ­ã‚±ãƒƒãƒˆã®ç™ºå°„ã‚’äºˆå®šã—ã¦ã„ã¾ã™ã€‚çš†æ§˜ã®ã”æ­ä¹—ã‚’ãŠå¾…ã¡ã—ã¦ãŠã‚Šã¾ã™ã€‚","https://kinensai79.nishi-h.net/groups_images/NISHI FLYER.png","","","","","","","",""
"k79-sGQZ","kinensai79","f3","kinensai79","ã‚¯ã‚¤ã‚ºç ”ç©¶åŒå¥½ä¼š","[ã‚¯ã‚¤ã‚ºç ”ç©¶åŒå¥½ä¼š]","[è¨˜å¿µç¥­HP å›£ä½“ç´¹ä»‹](https://kinensai79.nishi-h.net/groups)/n**ã‚¯ã‚¤ã‚ºç ”ç©¶åŒå¥½ä¼šã€Nishi plus One is Qã€**/nç¢ºã‹ãªQualityã§è±Šå¯ŒãªQuantityã®Questionsã€‚1å›ç´„Quarterã¨Quite Quickã§ãŠæ‰‹è»½ã€‚1äººã§ã‚‚Quintetã§ã‚‚çš†ã§Quiz!","https://kinensai79.nishi-h.net/groups_images/ã‚¯ã‚¤ã‚ºç ”ç©¶ä¼š.png","","","","","","","",""
"k79-7zAC","kinensai79","f3","kinensai79","å®‡å®™ç ”ç©¶éƒ¨","[å®‡å®™ç ”ç©¶éƒ¨]","[è¨˜å¿µç¥­HP å›£ä½“ç´¹ä»‹](https://kinensai79.nishi-h.net/groups)/n**å®‡å®™ç ”ç©¶éƒ¨ã€âœ©ãƒ—ãƒ©ãƒã‚¿ãƒªã‚¦ãƒ âœ©ã€**/nè¥¿é«˜å®‡å®™ç ”ç©¶éƒ¨ç‰¹è£½ã®ãƒ—ãƒ©ãƒã‚¿ãƒªã‚¦ãƒ è¦‹ã«è¡Œã“ã†ï¼ï¼ãƒ‰ãƒ¼ãƒ ã¯è¨­è¨ˆã‹ã‚‰éƒ¨å“¡ãŒè€ƒãˆã¦ã¾ã™?ã™ã”ã„ã‚ˆâ˜†éƒ¨èªŒã‚‚é…å¸ƒä¸­â€¦","https://kinensai79.nishi-h.net/groups_images/å®‡å®™ç ”ç©¶ä¼š.png","","","","","","","",""
"k79-NbHG","kinensai79","f3","kinensai79","æ•°å­¦ç ”ç©¶åŒå¥½ä¼š","[æ•°å­¦ç ”ç©¶åŒå¥½ä¼š]","[è¨˜å¿µç¥­HP å›£ä½“ç´¹ä»‹](https://kinensai79.nishi-h.net/groups)/n**æ•°å­¦ç ”ç©¶åŒå¥½ä¼šã€ã‚¯ãƒ­ãƒãƒƒã‚«ãƒ¼ã®è¥¿æ˜¥ã®å¤¢ã€**/néƒ½ç«‹è¥¿é«˜æ ¡ã®è¨˜å¿µç¥­ã«æ¥ãŸãªã‚‰ã°ã€æ•°å­¦ç ”ç©¶åŒå¥½ä¼šã«ä¸€åº¦è¨ªã‚Œã‚‹ã¹ãã ã¨ã„ã†å®šç†ã«é–¢ã—ã¦ã€ç§ã¯çœŸã«é©šãã¹ãè¨¼æ˜ã‚’è¦‹ã¤ã‘ãŸãŒã€ã“ã®ä½™ç™½ã¯ãã‚Œã‚’æ›¸ãã«ã¯ç‹­ã™ãã‚‹ã€‚","https://kinensai79.nishi-h.net/groups_images/æ•°å­¦ç ”ç©¶åŒå¥½ä¼š.png","","","","","","","",""
"k79-T8bF","kinensai79","f3","kinensai79","æ­´å²ç ”ç©¶éƒ¨","[æ­´å²ç ”ç©¶éƒ¨]","[è¨˜å¿µç¥­HP å›£ä½“ç´¹ä»‹](https://kinensai79.nishi-h.net/groups)/n**æ­´å²ç ”ç©¶éƒ¨ã€ç”2025ã€**/né€£ç¶¿ã¨ç´¡ãŒã‚ŒãŸæ­´å²ãŒã“ã“ã«æ¯ã¥ãã€‚ä»Šå¹´åº¦ã®è¨˜å¿µç¥­ã§ã‚‚æ’ä¾‹ã¨ãªã£ãŸéƒ¨èªŒã€Œç”ã€ã®é…å¸ƒã‚„ã“ã‚Œã¾ã§ã®æ´»å‹•ã‚„ç ”ç©¶ã®æˆæœã‚’ç™ºè¡¨äºˆå®šã§ã™ã€‚ãœã²ã€ãŠã“ã—ãã ã•ã„ã¾ã›ã€‚","https://kinensai79.nishi-h.net/groups_images/æ­´å²ç ”ç©¶éƒ¨.png","","","","","","","",""
"k79-K2GK","kinensai79","f3","kinensai79","Origamiã‚µãƒ¼ã‚¯ãƒ«","[Origamiã‚µãƒ¼ã‚¯ãƒ«]","[è¨˜å¿µç¥­HP å›£ä½“ç´¹ä»‹](https://kinensai79.nishi-h.net/groups)/n**Origamiã‚µãƒ¼ã‚¯ãƒ«ã€æŠ˜ã‚Šç´™ç¾è¡“é¤¨ã€**/næŠ˜ã‚Šé¶´ã§ä½œã£ãŸçœŸç ã®è€³é£¾ã‚Šã®å°‘å¥³ã®çµµç”»ã‚’å±•ç¤ºã—ã¾ã™ã€‚ã¾ãŸã€ç™½é³¥ã®å·¨å¤§ä½œå“ã®å±•ç¤ºã€æŠ˜ã‚Šç´™ã§ä½œæˆã—ãŸåˆæ ¼é¡˜ã€å­¦æ¥­æˆå°±ç­‰ã®ãŠå®ˆã‚Šã®é…å¸ƒã‚‚è¡Œãªã£ã¦ã„ã¾ã™ã€‚","https://kinensai79.nishi-h.net/groups_images/ORIGAMI ã‚µãƒ¼ã‚¯ãƒ«.png","","","","","","","",""
"k79-OYfN","kinensai79","f3","kinensai79","ãƒ¯ãƒ³ãƒ€ãƒ¼ãƒ•ã‚©ãƒ¼ã‚²ãƒ«éƒ¨","[ãƒ¯ãƒ³ãƒ€ãƒ¼ãƒ•ã‚©ãƒ¼ã‚²ãƒ«éƒ¨]","[è¨˜å¿µç¥­HP å›£ä½“ç´¹ä»‹](https://kinensai79.nishi-h.net/groups)/n**ãƒ¯ãƒ³ãƒ€ãƒ¼ãƒ•ã‚©ãƒ¼ã‚²ãƒ«éƒ¨ã€æ´»å‹•è¨˜éŒ²ã€**/nå±±ã®ã‚¸ã‚ªãƒ©ãƒã‚„æ™®æ®µã®è£…å‚™ã€å±±è¡Œã®è¨˜éŒ²ãªã©ã‚’å±•ç¤ºã—ã¦ã„ã¾ã™ã€‚é‹å‹•éƒ¨æœ€å¤§å‹¢åŠ›ã®å±•ç¤ºã€ã¨ãã¨ã”è¦§ã‚ã‚Œ","https://kinensai79.nishi-h.net/groups_images/ãƒ¯ãƒ³ãƒ€ãƒ¼ãƒ•ã‚©ãƒ¼ã‚²ãƒ«éƒ¨.png","","","","","","","",""
"k79-3LCj","kinensai79","f3","kinensai79","cod.","[cod.]","[è¨˜å¿µç¥­HP å›£ä½“ç´¹ä»‹](https://kinensai79.nishi-h.net/groups)/n**cod.ã€codologue.ã€**/nå†—è«‡ã§ã‚‚åŒ–å­¦çš„é…¸ç´ è¦æ±‚é‡ã§ã‚‚ã‚³ãƒ¼ãƒ«â—¯ãƒ–ãƒ‡ãƒ¥ãƒ¼ãƒ†ã‚£ã§ã‚‚ãªã„ã€‚ãã®æ­£ä½“ã¯é±ˆã§ã‚ã‚‹ã€‚","https://kinensai79.nishi-h.net/groups_images/cod.png","","","","","","","",""
"k79-M7Yd","kinensai79","f3","kinensai79","ã‹ã‚‹ãŸéƒ¨","[ã‹ã‚‹ãŸéƒ¨]","[è¨˜å¿µç¥­HP å›£ä½“ç´¹ä»‹](https://kinensai79.nishi-h.net/groups)/n**ã‹ã‚‹ãŸéƒ¨ã€ã‚ãã‚Šé€¢ã²ã¦ã€**/nã‹ã‚‹ãŸéƒ¨ã§ã™ï¼å®Ÿéš›ã®13.ï¼•å€ã®æœ­ã‚’å±•ç¤ºã—ã¦ã„ã¾ã™ã€‚ç´«å¼éƒ¨ã‚ˆã‚Šæ¸…å°‘ç´è¨€æ´¾ï¼Ÿã„ã‚„ã„ã‚„ã€ä¸€å­—æ±ºã¾ã‚Šã®ç´«å¼éƒ¨ã§ã—ã‚‡ï¼","https://kinensai79.nishi-h.net/groups_images/ã‹ã‚‹ãŸéƒ¨.png","","","","","","","",""
"k79-RFdv","kinensai79","f3","kinensai79","ãƒœã‚«ãƒ­ã‚µãƒ¼ã‚¯ãƒ«","[ãƒœã‚«ãƒ­ã‚µãƒ¼ã‚¯ãƒ«]","[è¨˜å¿µç¥­HP å›£ä½“ç´¹ä»‹](https://kinensai79.nishi-h.net/groups)/n**ãƒœã‚«ãƒ­ã‚µãƒ¼ã‚¯ãƒ«ã€ã¬ã¬ã¬ã¬ã¬ã¬ã¬ã¬ã¬â€¦ã¬ã€**/næ‰€è©®ãƒ’ãƒˆã®çœŸä¼¼äº‹ã ã¨çŸ¥ã£ã¦ãªãŠã‚‚æ­Œã„ç¶šãæ°¸é ã®å‘½ã€Œvocaloidã€___ ãƒœã‚«ãƒ­ã‚’æ„›ã™ã‚‹è€…ãŸã¡ã«ã‚ˆã‚‹ã€ãŸã£ãŸ1åŒºç”»ã®ã‚³ãƒŸã‚±ã‚’ã¨ãã¨ã”è¦§ã‚ã‚Œã€‚","https://kinensai79.nishi-h.net/groups_images/ãƒœã‚«ãƒ­ã‚µãƒ¼ã‚¯ãƒ«.png","","","","","","","",""
"k79-cEME","kinensai79","f3","kinensai79","è¥¿é«˜ã®å‡ºç‰ˆã‚’æ„›ã™ã‚‹ä¼š","[è¥¿é«˜ã®å‡ºç‰ˆã‚’æ„›ã™ã‚‹ä¼š]","[è¨˜å¿µç¥­HP å›£ä½“ç´¹ä»‹](https://kinensai79.nishi-h.net/groups)/n**è¥¿é«˜ã®å‡ºç‰ˆã‚’æ„›ã™ã‚‹ä¼šã€è¥¿é«˜ã®å‡ºç‰ˆã‚’æ„›ã™ã‚‹ä¼šã€**/nè¥¿é«˜ã®å‡ºç‰ˆã‚’æ„›ã™ã‚‹ä¼šâ€¦â€¦ã€‚ãã‚Œã¯è¥¿é«˜ã®æ­´å²ã‚’ç¯‰ãã—å…ˆäººãŸã¡ãŒæ®‹ã—ãŸå‡ºç‰ˆç‰©ã«å¿ƒæƒ¹ã‹ã‚Œã¦ã€å¤ãã‚‚ã®ã‚‚æ–°ãã‚‚ã®ã‚‚å…¨ã¦ã®å‡ºç‰ˆç‰©ã‚’ã“ã‚ˆãªãæ„›ã™ã‚‹è¥¿é«˜ç”Ÿã®ä¼šã§ã‚ã‚‹ã€‚","https://kinensai79.nishi-h.net/groups_images/è¥¿é«˜ã®å‡ºç‰ˆã‚’æ„›ã™ã‚‹ä¼š.png","","","","","","","",""
"k79-w70q","kinensai79","f3","kinensai79","è¥¿è«–ä¼š","[è¥¿è«–ä¼š]","[è¨˜å¿µç¥­HP å›£ä½“ç´¹ä»‹](https://kinensai79.nishi-h.net/groups)/n**è¥¿è«–ä¼šã€è¥¿è«–ã€**/næ—¥ã€…æ–°ã—ããªã‚‹ç¤¾ä¼šã€è‡ªåˆ†ã€ä»–è€…ã‚’ã©ã†è¦‹ã¤ã‚ã‚‹ã‹ã€‚è¥¿é«˜ç”Ÿã€æ€è€ƒã®æ›¸ã€‚","https://kinensai79.nishi-h.net/groups_images/è¥¿è«–.png","","","","","","","",""
"k79-YGLX","kinensai79","f3","kinensai79","æ–‡èŠ¸éƒ¨","[æ–‡èŠ¸éƒ¨]","[è¨˜å¿µç¥­HP å›£ä½“ç´¹ä»‹](https://kinensai79.nishi-h.net/groups)/n**æ–‡èŠ¸éƒ¨ã€æ–‡èŠ¸éƒ¨2025ã€**/næ–‡èŠ¸éƒ¨ã§ã™ã€‚æ—¥é ƒã‚ˆã‚Šéƒ¨å“¡ãŒå°èª¬ã‚’æ›¸ãã€éƒ¨èªŒã¨ã—ã¦å­¦æ ¡å†…ã«é…å¸ƒã—ã¦ã„ã¾ã™ã€‚ä»Šå›ã¯ç‰¹åˆ¥ç‰ˆã€è¨˜å¿µç¥­å·ã§ã™ã€‚å¹´1å›ã®æ ¡å¤–å‘ã‘å°èª¬ã€ãœã²ãŠæ¥½ã—ã¿ã‚ã‚Œã€‚","https://kinensai79.nishi-h.net/groups_images/æ–‡èŠ¸éƒ¨.png","","","","","","","",""
"k79-J1qg","kinensai79","f3","kinensai79","åŒçª“ä¼š","[åŒçª“ä¼š]","[è¨˜å¿µç¥­HP å›£ä½“ç´¹ä»‹](https://kinensai79.nishi-h.net/groups)/n**åŒçª“ä¼šã€ã‚ã®é ƒåƒ•ã‚‰ã¯è‹¥ã‹ã£ãŸã€**/nã€€ã€‡è¥¿é«˜ä¼šé¤¨ã®ç´¹ä»‹ã€€ã€‡åŒçª“ä¼šæ´»å‹•ç´¹ä»‹ã€€ã€‡æ”¯éƒ¨ä¼šæ´»å‹•ç´¹ä»‹ã€€ã€‡å’æ¥­ã‚¢ãƒ«ãƒãƒ ã€€ã€‡åœ’èŠ¸éƒ¨ï¼¯ï¼¢å±•ç¤ºã€€ã€‡åŒçª“ç”Ÿã®ç´¹ä»‹ã€€ã€‡åŒçª“ç”Ÿã®åºƒå ´ã€€ã€‡é£›ç¿”ãƒ»è’¼æ¨¹etc.","https://kinensai79.nishi-h.net/groups_images/åŒçª“ä¼š.png","","","","","","","",""
"k79-Obcv","kinensai79","f3","kinensai79","åŒçª“ä¼š","[åŒçª“ä¼š]","[è¨˜å¿µç¥­HP å›£ä½“ç´¹ä»‹](https://kinensai79.nishi-h.net/groups)/n**åŒçª“ä¼šã€ã‚ã®é ƒåƒ•ã‚‰ã¯è‹¥ã‹ã£ãŸã€**/nã€€ã€‡è¥¿é«˜ä¼šé¤¨ã®ç´¹ä»‹ã€€ã€‡åŒçª“ä¼šæ´»å‹•ç´¹ä»‹ã€€ã€‡æ”¯éƒ¨ä¼šæ´»å‹•ç´¹ä»‹ã€€ã€‡å’æ¥­ã‚¢ãƒ«ãƒãƒ ã€€ã€‡åœ’èŠ¸éƒ¨ï¼¯ï¼¢å±•ç¤ºã€€ã€‡åŒçª“ç”Ÿã®ç´¹ä»‹ã€€ã€‡åŒçª“ç”Ÿã®åºƒå ´ã€€ã€‡é£›ç¿”ãƒ»è’¼æ¨¹etc.","https://kinensai79.nishi-h.net/groups_images/åŒçª“ä¼š.png","","","","","","","",""
"k79-82Qd","kinensai79","f3","kinensai79","åŒ–å­¦éƒ¨","[åŒ–å­¦éƒ¨]","[è¨˜å¿µç¥­HP å›£ä½“ç´¹ä»‹](https://kinensai79.nishi-h.net/groups)/n**åŒ–å­¦éƒ¨ã€åŒ–å­¦ã®ç¼¶è©°2025ã€**/nåŒ–å­¦éƒ¨ã§ã¯æ¶²ä½“çª’ç´ ã‚„ãã®ä»–ã®å®Ÿé¨“ã¨éƒ¨èªŒã®é…å¸ƒã‚’è¡Œã£ã¦ã„ã¾ã™ã€‚æ™®æ®µãªã‹ãªã‹ç›®ã«ã™ã‚‹ã“ã¨ã®ç„¡ã„åŒ–å­¦ã®ä¸–ç•Œã‚’è¦—ã„ã¦ã¿ã¾ã›ã‚“ã‹ï¼Ÿ3éšåŒ–å­¦å®Ÿé¨“å®¤ã¸ãœã²ãŠè¶Šã—ãã ã•ã„ï¼","https://kinensai79.nishi-h.net/groups_images/åŒ–å­¦éƒ¨.png","","","","","","","",""
"k79-Zaf7","kinensai79","f3","kinensai79","å›³æ›¸å§”å“¡ä¼š","[å›³æ›¸å§”å“¡ä¼š]","[è¨˜å¿µç¥­HP å›£ä½“ç´¹ä»‹](https://kinensai79.nishi-h.net/groups)/n**å›³æ›¸å§”å“¡ä¼šã€ã¿ã‚“ãªã§ä½œã‚‹ï¼èª­æ›¸ã®æœ¨ã€**/nå›³æ›¸å®¤ã§ã¯ç”Ÿå¾’ãŒä½œæˆã—ãŸãƒãƒƒãƒ—ã¸ã®æŠ•ç¥¨ã¨ã€ãŠã™ã™ã‚ã®æœ¬ã‚’ã¿ãªã•ã‚“ã«è¨˜å…¥ã—ã¦ã‚‚ã‚‰ã†å±•ç¤ºã‚’è¡Œãªã£ã¦ã„ã¾ã™ï¼ã¿ã‚“ãªã§èª­æ›¸ã®æœ¨ã‚’ä½œã‚Šã¾ã—ã‚‡ã†ï¼ã”å‚åŠ ãŠå¾…ã¡ã—ã¦ã„ã¾ã™ï¼","https://kinensai79.nishi-h.net/groups_images/å›³æ›¸å§”å“¡ä¼š.png","","","","","","","",""
"k79-tbr5","kinensai79","f3","kinensai79","ç”Ÿç‰©éƒ¨","[ç”Ÿç‰©éƒ¨]","[è¨˜å¿µç¥­HP å›£ä½“ç´¹ä»‹](https://kinensai79.nishi-h.net/groups)/n**ç”Ÿç‰©éƒ¨ã€ã‚»ã€‚ï¼ç”Ÿç‰©éƒ¨ã®æ´»å‹•ã«ã¤ã„ã¦ãƒ¼ã€**/nç”Ÿç‰©éƒ¨ã§ã¯ã€è§£å‰–ã‚·ãƒ§ãƒ¼ã‚„DNAã‚¹ãƒˆãƒ©ãƒƒãƒ—ä½œã‚Šã€ç”Ÿãç‰©ã‚„æ´»å‹•ã®å±•ç¤ºã€ãã—ã¦éƒ¨èªŒã®é…å¸ƒã‚’è¡Œã„ã¾ã™ã€‚ç”Ÿç‰©å®¤ã¾ã§ãœã²ãŠè¶Šã—ãã ã•ã„ï¼","https://kinensai79.nishi-h.net/groups_images/ç”Ÿç‰©éƒ¨.png","","","","","","","",""
"k79-9emj","kinensai79","f3","kinensai79","åœ°å­¦ã®ä¼š","[åœ°å­¦ã®ä¼š]","[è¨˜å¿µç¥­HP å›£ä½“ç´¹ä»‹](https://kinensai79.nishi-h.net/groups)/n**åœ°å­¦ã®ä¼šã€åœ°å­¦ãªã‚“ã¦ã„ã‹ãŒï¼Ÿã€**/néƒ½ç«‹è¥¿é«˜æ ¡ã§ã¯å±¥ä¿®ã‚‚ã§ããšã€å…±é€šãƒ†ã‚¹ãƒˆã®èµ¤æœ¬ã‹ã‚‰ã¯å‰Šé™¤ã•ã‚Œâ€¦ã“ã‚Œã¯ã€ãã‚“ãªä¸é‡ãªæ‰±ã„ã‚’å—ã‘ã‚‹åœ°å­¦ã‚’æ•‘ãŠã†ã¨æ„æ°—è¾¼ã‚“ã æ•°äººã®è¥¿é«˜ç”Ÿã«ã‚ˆã‚‹ä¼ç”»å±•ã§ã‚ã‚‹___","https://kinensai79.nishi-h.net/groups_images/åœ°å­¦ã®ä¼š.png","","","","","","","",""
"k79-5idY","kinensai79","f3","kinensai79","ç‰©ç†éƒ¨","[ç‰©ç†éƒ¨]","[è¨˜å¿µç¥­HP å›£ä½“ç´¹ä»‹](https://kinensai79.nishi-h.net/groups)/n**ç‰©ç†éƒ¨ã€ã¶ã£ã¤ã‚Šç‰©ç†ã¶ã€**/nãƒªãƒ³ã‚´ãŒè½ã¡ãŸã€‚ã€Œãªãœã ã‚ã†ã€ã‹ã®æœ‰åãªã‚¢ã‚¤ã‚¶ãƒƒã‚¯ãƒ»ãƒ‹ãƒ¥ãƒ¼ãƒˆãƒ³ã¯è€ƒãˆãŸã€‚å½¼ãŒæƒ³åƒåŠ›ã‚’é§†ä½¿ã—ã¦ãŸã©ã‚Šç€ã„ãŸç­”ãˆã€ãã‚Œã¯â€¦ã€Œãã†ã ã€æãŒã¶ã£ã¤ã‚Šåˆ‡ã‚ŒãŸã‚“ã ã€","https://kinensai79.nishi-h.net/groups_images/ç‰©ç†éƒ¨.png","","","","","","","",""
"k79-R97g","kinensai79","f3","kinensai79","ç†ç³»é€£åˆ","[ç†ç³»é€£åˆ]","[è¨˜å¿µç¥­HP å›£ä½“ç´¹ä»‹](https://kinensai79.nishi-h.net/groups)/n**ç†ç³»é€£åˆã€Sciencean Unionã€**/næ•°å­¦ã€åŒ–å­¦ã€ç‰©ç†ã€ç”Ÿç‰©ã€æƒ…å ±(ã‚ã‚Œã€åœ°å­¦ã¯â€¦)ã€‚æ•°åƒå¹´ã®æ­´å²ã‚’ç´¡ã„ã äººé¡ã®ç§‘å­¦ãŒä»Šã“ã“ã«é›†ã†ã€‚ç§‘å­¦ã®ç¹‹ãŒã‚ŠãŒåˆã‚ã¦è¦‹ã›ã‚‹ã€æœªè¸ã®ãƒ•ãƒ­ãƒ³ãƒ†ã‚£ã‚¢ã¸ã€‚","https://kinensai79.nishi-h.net/groups_images/ç†ç³»é€£åˆ.png","","","","","","","",""
"k79-049t","kinensai79","f3","kinensai79","ã‚¤ãƒ³ãƒ‰ãƒã‚·ã‚¢äº¤æµä¼š2025","[ã‚¤ãƒ³ãƒ‰ãƒã‚·ã‚¢äº¤æµä¼š2025]","[è¨˜å¿µç¥­HP å›£ä½“ç´¹ä»‹](https://kinensai79.nishi-h.net/groups)/n**ã‚¤ãƒ³ãƒ‰ãƒã‚·ã‚¢äº¤æµä¼š2025ã€ãƒŠã‚·ã‚´ãƒ¬ãƒ³ã¨é’æ˜¥ã¨ç§ã€**","","","","","","","","",""
"k79-music","kinensai79","f3","kinensai79","éŸ³æ¥½å®¤","[ã¤ã‚‹ã°ã¿åŒå¥½ä¼š][MADWIMPS][ãšã£ã¨ãƒãƒ¨ãƒãƒ¼ã‚ºã§ã„ã„ã®ã«]","[è¨˜å¿µç¥­HP å›£ä½“ç´¹ä»‹](https://kinensai79.nishi-h.net/groups)/n**ã¤ã‚‹ã°ã¿åŒå¥½ä¼šã€ã°ã¿ãƒ­ãƒƒã‚¯ã€**/nä»Šå¹´ã‚‚ã‚ºãƒƒã‚¯ã«ãƒ­ãƒƒã‚¯ï¼ã°ã¿ãƒ­ãƒƒã‚¯25ã‚„ã‚‹ãœã‡? ã¤ã‚‹ã‚“ã§ãƒãƒ³ãƒ‰ãƒŸãƒ¥ãƒ¼ã‚¸ãƒƒã‚¯?/n/n**MADWIMPSã€MAD WIMPSã€**/nRADWIMPSã®ã‚³ãƒ”ãƒ¼ãƒãƒ³ãƒ‰ã§ã™ï¼4äººã§ï¼˜æ›²æ¼”å¥ã€‚ã“ã“ã«ã‚ã‚‹ã‚‚ã®ãã‚Œã§å…¨ã¦ã§ã™ã€‚éŸ³æ¥½å®¤ã§å¾…ã£ã¦ã¾ã™ã€‚/n/n**ãšã£ã¨ãƒãƒ¨ãƒãƒ¼ã‚ºã§ã„ã„ã®ã«ã€ãƒãƒ¨ãƒ­ãƒƒã‚¯2025ã€**/nã€Œãšã£ã¨çœŸå¤œä¸­ã§ã„ã„ã®ã«ã€ã®ã‚³ãƒ”ãƒ¼ãƒãƒ³ãƒ‰ã®ã€Œãšã£ã¨ãƒãƒ¨ãƒãƒ¼ã‚ºã§ã„ã„ã®ã«ã€ã§ã™ã€‚åˆè¨ˆå…«æ›²ã‚„ã‚Šã¾ã™ã€‚ã¿ã‚“ãªï¼ç››ã‚Šä¸ŠãŒã‚‹ãƒ©ã‚¤ãƒ–ã«ã™ã‚‹ã‹ã‚‰ãœã²æ¥ã¦ãã‚Œï¼","https://kinensai79.nishi-h.net/groups_images/ã¤ã‚‹ã°ã¿åŒå¥½ä¼š.png","https://kinensai79.nishi-h.net/groups_images/MADWINPS.png","https://kinensai79.nishi-h.net/groups_images/ãšã£ã¨ãƒãƒ¨ãƒãƒ¼ã‚ºã§ã„ã„ã®ã«.png","","","","","",""
"k79-music-preparation","kinensai79","f3","kinensai79","éŸ³æ¥½ç·´ç¿’å®¤","[è»½éŸ³æ¥½åŒå¥½ä¼š][æ•™å“¡ãƒãƒ³ãƒ‰]","[è¨˜å¿µç¥­HP å›£ä½“ç´¹ä»‹](https://kinensai79.nishi-h.net/groups)/n**è»½éŸ³æ¥½åŒå¥½ä¼šã€ã‘ã„ãŠã‚“ã®ã‚‰ã„ã¶ã€**/nè»½éŸ³æ¥½åŒå¥½ä¼šã§ã™ã€‚ãƒãƒ³ãƒ‰æ¯ã«ãƒ©ã‚¤ãƒ–ã‚’ã‚„ã£ã¦ã¾ã™ï¼ã‚¢ã‚²ã¦ãã¾ã—ã‚‡ãƒ¼ï¼ï¼æ˜¯éãŠè¶Šã—ãã ã•ã„ï¼ï¼/n/n**æ•™å“¡ãƒãƒ³ãƒ‰ã€æ•™å“¡ã ã‘ã˜ã‚ƒã ã‚ã§ã™ã‹ï¼Ÿã€**/nä»Šæ—¥ã‚’é€ƒã—ãŸã‚‰ã‚‚ã†è¦‹ã‚Œãªã„è¨˜å¿µç¥­é™ã‚Šã®æ•™å“¡ãƒãƒ³ãƒ‰çµæˆï¼ï¼ã€€æ•™å“¡ã§è¨˜å¿µç¥­å¾æœï¼ã€Œæ•™å“¡ã ã‘ã˜ã‚ƒã ã‚ã§ã™ã‹ï¼Ÿã€","https://kinensai79.nishi-h.net/groups_images/è»½éŸ³æ¥½åŒå¥½ä¼š.png","https://kinensai79.nishi-h.net/groups_images/æ•™å“¡ãƒãƒ³ãƒ‰.png","","","","","","",""
